codigo,pais,region,grupo_ingreso,poblacion,crecimiento_poblacion,area_km2,pib_per_capita,esperanza_vida,poblacion_urbana_pct,usuarios_internet_pct
ABW,Aruba,América Latina y el Caribe,Ingreso alto,107310,-0.36,180.0,31000.6,76.2,61.9,
AFG,Afganistán,"Oriente Medio, Norte de África, Afganistán y Pakistán",Países de ingreso bajo,40578842,1.44,652230.0,357.3,65.6,25.4,15.9
AGO,Angola,África al sur del Sahara,Países de ingreso mediano bajo,35635029,3.14,1246700.0,3598.5,64.2,69.1,35.8
ALB,Albania,Europa y Asia central,Ingreso mediano alto,2451636,-1.54,27400.0,7757.0,78.8,57.9,82.6
AND,Andorra,Europa y Asia central,Ingreso alto,79705,1.7,470.0,42414.1,84.0,88.8,94.1
ARE,Emiratos Árabes Unidos,"Oriente Medio, Norte de África, Afganistán y Pakistán",Ingreso alto,10074977,5.09,71020.0,50759.8,80.5,85.5,100.0
ARG,Argentina,América Latina y el Caribe,Ingreso mediano alto,45407904,0.21,2736690.0,13962.2,75.8,92.1,88.4
ARM,Armenia,Europa y Asia central,Ingreso mediano alto,2969200,0.23,28198.3,6572.0,74.8,65.6,77.0
ASM,Samoa Americana,Asia oriental y el Pacífico,Ingreso alto,48342,-1.81,200.0,18017.5,72.8,81.8,
ATG,Antigua y Barbuda,América Latina y el Caribe,Ingreso alto,92840,0.53,440.0,20003.4,77.5,24.5,71.9
AUS,Australia,Asia oriental y el Pacífico,Ingreso alto,26018721,1.29,7692020.0,65169.5,83.2,87.3,96.1
AUT,Austria,Europa y Asia central,Ingreso alto,9041851,0.96,82520.0,52336.8,81.3,69.0,93.6
AZE,Azerbaiyán,Europa y Asia central,Ingreso mediano alto,10141756,0.04,82650.0,7770.6,74.1,58.4,88.0
BDI,Burundi,África al sur del Sahara,Países de ingreso bajo,13321097,2.71,25680.0,301.8,62.9,22.3,7.1
BEL,Bélgica,Europa y Asia central,Ingreso alto,11680210,0.81,30494.0,50639.0,81.7,87.5,94.0
BEN,Benin,África al sur del Sahara,Países de ingreso mediano bajo,13759501,2.55,112760.0,1266.4,60.5,51.0,30.5
BFA,Burkina Faso,África al sur del Sahara,Países de ingreso bajo,22509038,2.31,273600.0,827.3,60.7,27.3,25.4
BGD,Bangladesh,Asia meridional,Países de ingreso mediano bajo,169384897,1.02,130260.0,2716.5,74.3,31.7,41.6
BGR,Bulgaria,Europa y Asia central,Ingreso alto,6465097,-0.65,108560.0,13999.9,74.2,73.5,79.1
BHR,Bahrein,"Oriente Medio, Norte de África, Afganistán y Pakistán",Ingreso alto,1524693,1.34,790.0,30470.5,81.0,100.0,100.0
BHS,Bahamas,América Latina y el Caribe,Ingreso alto,397538,0.29,10010.0,34957.2,74.5,81.3,92.3
BIH,Bosnia y Herzegovina,Europa y Asia central,Ingreso mediano alto,3204802,-1.24,51200.0,7655.6,76.8,51.0,78.8
BLR,Belarús,Europa y Asia central,Ingreso mediano alto,9228071,-0.8,202990.0,7994.6,74.1,78.5,89.5
BLZ,Belice,América Latina y el Caribe,Ingreso mediano alto,402733,1.85,22810.0,7068.2,72.2,42.1,70.0
BMU,Bermudas,América del Norte,Ingreso alto,64749,0.16,54.0,119969.2,82.1,100.0,
BOL,Bolivia,América Latina y el Caribe,Países de ingreso mediano bajo,12077154,1.16,1083300.0,4219.5,67.4,70.6,72.6
BRA,Brasil,América Latina y el Caribe,Ingreso mediano alto,210306415,0.36,8358140.0,9281.3,74.9,87.3,80.5
BRB,Barbados,América Latina y el Caribe,Ingreso alto,282318,0.06,430.0,24393.2,75.7,59.4,69.1
BRN,Brunei Darussalam,Asia oriental y el Pacífico,Ingreso alto,455370,0.8,5270.0,36632.9,72.9,74.8,99.0
BTN,Bhután,Asia meridional,Países de ingreso mediano bajo,780914,0.7,38140.0,3711.3,72.8,40.9,88.4
BWA,Botswana,África al sur del Sahara,Ingreso mediano alto,2439892,1.59,566730.0,8328.7,68.7,66.6,57.9
CAF,República Centroafricana,África al sur del Sahara,Países de ingreso bajo,5098039,-0.28,622980.0,467.4,18.8,43.3,13.8
CAN,Canadá,América del Norte,Ingreso alto,38950132,1.84,8788700.0,56496.9,81.1,82.4,94.0
CHE,Suiza,Europa y Asia central,Ingreso alto,8777088,0.83,39509.6,97809.1,83.6,84.9,96.5
CHI,Islas del Canal,Europa y Asia central,Ingreso alto,167215,0.28,,67627.1,81.0,32.8,
CHL,Chile,América Latina y el Caribe,Ingreso alto,19553036,0.5,742831.6,15399.1,79.2,88.6,92.3
CHN,China,Asia oriental y el Pacífico,Ingreso mediano alto,1412175000,-0.01,9388210.0,12970.6,78.2,65.2,75.6
CIV,Côte d'Ivoire,África al sur del Sahara,Países de ingreso mediano bajo,30395002,2.52,318000.0,2333.4,61.6,52.8,38.4
CMR,Camerún,África al sur del Sahara,Países de ingreso mediano bajo,27632771,2.63,472710.0,1604.9,62.4,54.8,40.1
COD,"Congo, República Democrática del",África al sur del Sahara,Países de ingreso bajo,102396968,3.22,2267050.0,687.7,61.0,44.0,18.0
COG,"Congo, República del",África al sur del Sahara,Países de ingreso mediano bajo,6035104,2.4,341500.0,2620.8,65.0,63.6,41.0
COL,Colombia,América Latina y el Caribe,Ingreso mediano alto,51737944,1.07,1109500.0,6680.4,76.5,78.0,72.8
COM,Comoras,África al sur del Sahara,Países de ingreso mediano bajo,834188,1.94,1861.0,1533.9,66.5,32.8,31.4
CPV,Cabo Verde,África al sur del Sahara,Ingreso mediano alto,519741,0.6,4030.0,4323.3,75.9,75.0,73.3
CRI,Costa Rica,América Latina y el Caribe,Ingreso alto,5081765,0.43,51060.0,13971.8,79.3,78.4,82.6
CUB,Cuba,América Latina y el Caribe,Ingreso mediano alto,11059820,-0.56,103800.0,,77.6,77.1,67.9
CUW,Curacao,América Latina y el Caribe,Ingreso alto,153321,-0.41,444.0,20057.1,76.7,91.4,
CYM,Islas Caimán,América Latina y el Caribe,Ingreso alto,71591,2.09,240.0,92937.9,80.0,100.0,
CYP,Chipre,Europa y Asia central,Ingreso alto,1331370,1.06,9240.0,33231.1,80.4,66.7,89.6
CZE,República Checa,Europa y Asia central,Ingreso alto,10672118,1.57,77171.7,28282.2,78.9,72.7,84.5
DEU,Alemania,Europa y Asia central,Ingreso alto,83177813,-0.02,349360.0,50506.5,80.6,81.8,91.6
DJI,Djibouti,"Oriente Medio, Norte de África, Afganistán y Pakistán",Países de ingreso mediano bajo,1137096,1.4,23180.0,3133.3,65.5,72.6,63.8
DMA,Dominica,América Latina y el Caribe,Ingreso mediano alto,66826,-0.56,750.0,9323.7,71.1,72.7,80.6
DNK,Dinamarca,Europa y Asia central,Ingreso alto,5903037,0.79,40000.0,67781.1,81.3,88.4,97.9
DOM,República Dominicana,América Latina y el Caribe,Ingreso mediano alto,11230734,0.96,48198.0,10104.2,74.2,72.4,81.5
DZA,Argelia,"Oriente Medio, Norte de África, Afganistán y Pakistán",Ingreso mediano alto,45477389,1.59,2381740.0,4960.3,76.1,74.2,74.8
ECU,Ecuador,América Latina y el Caribe,Ingreso mediano alto,17823897,0.8,248360.0,6515.6,76.6,63.1,69.7
EGY,"Egipto, República Árabe de","Oriente Medio, Norte de África, Afganistán y Pakistán",Países de ingreso mediano bajo,112618250,1.49,995450.0,4233.3,71.0,42.6,72.2
ERI,Eritrea,África al sur del Sahara,Países de ingreso bajo,3409447,1.75,121178.2,,67.8,34.8,
ESP,España,Europa y Asia central,Ingreso alto,47786102,0.72,499713.7,30319.5,83.1,80.0,94.5
EST,Estonia,Europa y Asia central,Ingreso alto,1348840,1.34,42730.0,28340.4,77.8,70.5,91.5
ETH,Etiopía,África al sur del Sahara,Países de ingreso bajo,125384287,2.62,1128498.8,982.1,66.9,22.7,18.0
FIN,Finlandia,Europa y Asia central,Ingreso alto,5556106,0.27,303947.7,50440.6,81.2,73.7,93.0
FJI,Fiji,Asia oriental y el Pacífico,Ingreso mediano alto,919422,0.3,18270.0,5414.1,67.1,58.1,72.6
FRA,Francia,Europa y Asia central,Ingreso alto,68184457,0.5,538950.0,40988.6,82.1,78.8,85.3
FRO,Islas Feroe,Europa y Asia central,Ingreso alto,53903,1.14,1370.0,67069.4,82.8,39.0,
FSM,Micronesia (Estados Federados de),Asia oriental y el Pacífico,Ingreso mediano alto,112114,0.44,700.0,3703.7,67.0,22.4,39.0
GAB,Gabón,África al sur del Sahara,Ingreso mediano alto,2430747,2.25,257670.0,8409.2,67.7,91.2,67.7
GBR,Reino Unido,Europa y Asia central,Ingreso alto,67636000,0.98,241930.0,47034.8,81.0,83.1,95.5
GEO,Georgia,Europa y Asia central,Ingreso mediano alto,3712502,0.1,69490.0,6729.8,74.1,60.0,78.7
GHA,Ghana,África al sur del Sahara,Países de ingreso mediano bajo,33149152,1.92,227533.0,2229.9,65.2,57.3,69.9
GIB,Gibraltar,Europa y Asia central,Ingreso alto,37609,2.02,10.0,,83.5,100.0,
GIN,Guinea,África al sur del Sahara,Países de ingreso mediano bajo,14055137,2.48,245720.0,1416.6,60.4,37.2,31.3
GMB,Gambia,África al sur del Sahara,Países de ingreso bajo,2636470,2.32,10120.0,836.2,64.9,63.3,48.2
GNB,Guinea-Bissau,África al sur del Sahara,Países de ingreso bajo,2105529,2.24,28120.0,881.6,63.6,45.2,27.7
GNQ,Guinea Ecuatorial,África al sur del Sahara,Ingreso mediano alto,1803545,2.51,28050.0,7589.3,63.4,70.9,63.7
GRC,Grecia,Europa y Asia central,Ingreso alto,10437805,-1.26,128900.0,20884.7,80.8,78.6,83.2
GRD,Granada,América Latina y el Caribe,Ingreso mediano alto,116913,0.19,340.0,10469.4,75.2,36.4,68.4
GRL,Groenlandia,Europa y Asia central,Ingreso alto,56661,0.01,410450.0,55635.0,71.2,87.8,
GTM,Guatemala,América Latina y el Caribe,Ingreso mediano alto,17847877,1.41,107160.0,5356.9,71.2,55.3,54.4
GUM,Guam,Asia oriental y el Pacífico,Ingreso alto,165180,0.88,540.0,41833.2,77.1,94.1,
GUY,Guyana,América Latina y el Caribe,Ingreso alto,821637,0.75,211140.0,17913.5,69.9,26.5,76.6
HKG,"Hong Kong, Región Administrativa Especial",Asia oriental y el Pacífico,Ingreso alto,7346100,-0.91,1050.0,48825.0,83.7,100.0,95.6
HND,Honduras,América Latina y el Caribe,Países de ingreso mediano bajo,10463872,1.68,111890.0,3003.3,72.7,57.8,56.9
HRV,Croacia,Europa y Asia central,Ingreso alto,3855641,-0.6,55960.0,18465.5,77.6,57.0,82.1
HTI,Haití,América Latina y el Caribe,Países de ingreso mediano bajo,11503606,1.13,27560.0,1748.4,63.9,53.9,47.8
HUN,Hungría,Europa y Asia central,Ingreso alto,9605074,-0.27,91260.0,18428.0,75.9,70.2,89.1
IDN,Indonesia,Asia oriental y el Pacífico,Ingreso mediano alto,278830529,0.75,1892555.5,4730.8,70.9,57.5,66.5
IMN,Isla de Man,Europa y Asia central,Ingreso alto,84132,0.03,570.0,88328.5,81.0,52.2,
IND,India,Asia meridional,Países de ingreso mediano bajo,1425423212,0.79,2973190.0,2280.0,71.7,34.8,55.9
IRL,Irlanda,Europa y Asia central,Ingreso alto,5212836,1.98,68890.0,105190.7,82.5,63.9,95.0
IRN,"Irán, República Islámica del","Oriente Medio, Norte de África, Afganistán y Pakistán",Ingreso mediano alto,89524246,1.2,1622500.0,4721.2,76.8,76.3,81.7
IRQ,Iraq,"Oriente Medio, Norte de África, Afganistán y Pakistán",Ingreso mediano alto,44070551,2.29,434130.0,6520.7,72.0,69.9,78.7
ISL,Islandia,Europa y Asia central,Ingreso alto,382003,2.51,100830.0,76377.0,82.1,94.2,97.6
ISR,Israel,"Oriente Medio, Norte de África, Afganistán y Pakistán",Ingreso alto,9557500,1.97,21640.0,54947.2,82.7,91.5,91.9
ITA,Italia,Europa y Asia central,Ingreso alto,59013667,-0.2,295720.0,35653.9,82.7,69.5,85.1
JAM,Jamaica,América Latina y el Caribe,Ingreso mediano alto,2839144,0.05,10830.0,6626.5,71.5,58.0,85.8
JOR,Jordania,"Oriente Medio, Norte de África, Afganistán y Pakistán",Ingreso mediano alto,11256263,1.7,88794.0,4754.4,77.1,92.4,90.5
JPN,Japón,Asia oriental y el Pacífico,Ingreso alto,125124989,-0.44,364500.0,35548.3,84.0,92.0,84.9
KAZ,Kazajstán,Europa y Asia central,Ingreso mediano alto,20034609,1.46,2699700.0,11255.3,73.5,61.4,92.3
KEN,Kenya,África al sur del Sahara,Países de ingreso mediano bajo,54252461,1.92,580876.3,2109.6,63.5,31.4,29.4
KGZ,Kirguistán,Europa y Asia central,Países de ingreso mediano bajo,6975220,1.79,191800.0,1739.7,72.0,34.7,84.2
KHM,Camboya,Asia oriental y el Pacífico,Países de ingreso mediano bajo,17201724,1.33,176520.0,2325.0,70.5,40.4,65.5
KIR,Kiribati,Asia oriental y el Pacífico,Países de ingreso mediano bajo,130469,1.62,810.0,2078.8,66.3,60.6,85.0
KNA,Saint Kitts y Nevis,América Latina y el Caribe,Ingreso alto,46709,-0.12,260.0,21011.6,70.3,31.6,75.8
KOR,"Corea, República de",Asia oriental y el Pacífico,Ingreso alto,51672569,-0.19,97600.0,34822.4,82.7,81.2,97.2
KWT,Kuwait,"Oriente Medio, Norte de África, Afganistán y Pakistán",Ingreso alto,4589643,5.11,17820.0,39981.8,80.6,100.0,99.7
LAO,República Democrática Popular Lao,Asia oriental y el Pacífico,Países de ingreso mediano bajo,7559007,1.41,230800.0,2046.4,68.7,38.1,64.5
LBN,Líbano,"Oriente Medio, Norte de África, Afganistán y Pakistán",Países de ingreso mediano bajo,5744489,0.46,10230.0,3654.4,78.0,90.2,81.5
LBR,Liberia,África al sur del Sahara,Países de ingreso bajo,5373294,2.14,96320.0,744.6,61.9,54.5,30.4
LBY,Libia,"Oriente Medio, Norte de África, Afganistán y Pakistán",Ingreso mediano alto,7223805,1.23,1759540.0,5986.6,74.5,87.8,80.6
LCA,Santa Lucía,América Latina y el Caribe,Ingreso mediano alto,178781,0.14,610.0,12976.1,72.7,29.1,67.0
LIE,Liechtenstein,Europa y Asia central,Ingreso alto,39493,0.79,160.0,188055.0,84.1,14.7,97.9
LKA,Sri Lanka,Asia meridional,Ingreso mediano alto,22181000,0.11,61860.0,3342.6,77.3,20.0,48.3
LSO,Lesotho,África al sur del Sahara,Países de ingreso mediano bajo,2286110,1.08,30360.0,1030.1,56.8,41.7,48.1
LTU,Lituania,Europa y Asia central,Ingreso alto,2831639,0.82,62604.0,24946.6,75.6,68.3,87.7
LUX,Luxemburgo,Europa y Asia central,Ingreso alto,653103,2.02,2574.5,123719.7,82.9,94.8,98.2
LVA,Letonia,Europa y Asia central,Ingreso alto,1879383,-0.27,62230.0,20221.1,74.3,68.3,91.0
MAC,"Región Administrativa Especial de Macao, China",Asia oriental y el Pacífico,Ingreso alto,677300,-0.76,33.0,36806.9,83.1,100.0,89.5
MAF,Isla de San Martín (parte francesa),América Latina y el Caribe,Ingreso alto,28870,-3.71,50.0,,80.2,100.0,
MAR,Marruecos,"Oriente Medio, Norte de África, Afganistán y Pakistán",Países de ingreso mediano bajo,37329064,1.01,446300.0,3463.1,75.2,62.5,89.9
MCO,Mónaco,Europa y Asia central,Ingreso alto,38931,1.04,2.1,226052.1,85.7,100.0,98.8
MDA,República de Moldova,Europa y Asia central,Ingreso mediano alto,2528654,-2.62,32880.0,5744.3,71.5,42.4,74.9
MDG,Madagascar,África al sur del Sahara,Países de ingreso bajo,30437261,2.48,581800.0,504.1,63.1,31.5,17.8
MDV,Maldivas,Asia meridional,Ingreso mediano alto,524106,1.53,300.0,11786.0,80.8,41.1,83.9
MEX,México,América Latina y el Caribe,Ingreso mediano alto,128613117,0.75,1943950.0,11405.8,74.0,79.2,78.6
MHL,Islas Marshall,Asia oriental y el Pacífico,Ingreso mediano alto,40077,-3.17,180.0,6455.7,66.7,78.0,64.3
MKD,Macedonia del Norte,Europa y Asia central,Ingreso mediano alto,1831712,-0.29,25220.0,7606.2,74.4,62.0,83.9
MLI,Malí,África al sur del Sahara,Países de ingreso bajo,23072640,3.01,1220190.0,976.9,60.0,30.4,35.2
MLT,Malta,"Oriente Medio, Norte de África, Afganistán y Pakistán",Ingreso alto,531113,2.47,320.0,35658.8,82.3,95.6,91.5
MMR,Myanmar,Asia oriental y el Pacífico,Países de ingreso mediano bajo,53756787,0.69,652670.0,1158.1,66.5,30.3,
MNE,Montenegro,Europa y Asia central,Ingreso mediano alto,623591,-0.23,13450.0,10038.2,76.2,65.4,88.2
MNG,Mongolia,Asia oriental y el Pacífico,Ingreso mediano alto,3433748,1.47,1557510.0,4993.5,71.9,69.8,81.1
MNP,Mariana,Asia oriental y el Pacífico,Ingreso alto,46078,-1.94,460.0,23785.8,78.5,91.9,
MOZ,Mozambique,África al sur del Sahara,Países de ingreso bajo,32656246,2.95,786380.0,578.3,63.0,35.1,19.0
MRT,Mauritania,África al sur del Sahara,Países de ingreso mediano bajo,4875637,2.93,1030700.0,1961.3,68.3,58.8,42.5
MUS,Mauricio,África al sur del Sahara,Ingreso mediano alto,1262523,-0.3,1997.0,10246.5,73.5,39.0,75.5
MWI,Malawi,África al sur del Sahara,Países de ingreso bajo,20568728,2.57,94280.0,604.3,66.0,16.7,16.8
MYS,Malasia,Asia oriental y el Pacífico,Ingreso mediano alto,34695493,1.2,328550.0,11754.6,75.4,76.0,97.4
NAM,Namibia,África al sur del Sahara,Países de ingreso mediano bajo,2889662,2.78,823290.0,4349.8,64.2,49.5,63.0
NCL,Nueva Caledonia,Asia oriental y el Pacífico,Ingreso alto,287123,0.67,18280.0,33516.4,77.7,67.6,
NER,Níger,África al sur del Sahara,Países de ingreso bajo,25311973,3.25,1266700.0,613.6,60.4,17.5,13.1
NGA,Nigeria,África al sur del Sahara,Países de ingreso mediano bajo,223150896,2.09,910770.0,2899.2,54.1,61.4,39.1
NIC,Nicaragua,América Latina y el Caribe,Países de ingreso mediano bajo,6730654,1.28,120340.0,2322.9,74.5,59.0,59.4
NLD,Países Bajos,Europa y Asia central,Ingreso alto,17700982,0.95,33670.0,59123.3,81.6,95.0,92.5
NOR,Noruega,Europa y Asia central,Ingreso alto,5457127,0.9,364270.0,113122.1,82.5,83.0,99.0
NPL,Nepal,Asia meridional,Países de ingreso mediano bajo,29715436,0.81,143350.0,1385.9,70.1,66.3,45.5
NRU,Naoero,Asia oriental y el Pacífico,Ingreso alto,11801,0.78,20.0,15309.8,61.9,100.0,83.2
NZL,Nueva Zelandia,Asia oriental y el Pacífico,Ingreso alto,5081700,-0.06,263310.0,49141.6,82.0,83.9,93.1
OMN,Omán,"Oriente Medio, Norte de África, Afganistán y Pakistán",Ingreso alto,4730226,4.98,309500.0,23223.6,77.9,80.0,95.2
PAK,Pakistán,"Oriente Medio, Norte de África, Afganistán y Pakistán",Países de ingreso mediano bajo,243700667,1.75,770880.0,1538.3,67.4,38.4,
PAN,Panamá,América Latina y el Caribe,Ingreso alto,4400773,1.27,74180.0,17378.6,79.3,65.8,67.3
PER,Perú,América Latina y el Caribe,Ingreso mediano alto,33475438,0.96,1280000.0,7353.7,76.8,84.4,74.7
PHL,Filipinas,Asia oriental y el Pacífico,Ingreso mediano alto,113964338,0.76,298170.0,3548.1,69.5,54.8,75.2
PLW,Palau,Asia oriental y el Pacífico,Ingreso alto,17759,-0.14,460.0,13935.0,68.9,79.1,82.6
PNG,Papua Nueva Guinea,Asia oriental y el Pacífico,Países de ingreso mediano bajo,10203169,1.88,452860.0,3102.3,65.3,14.7,18.3
POL,Polonia,Europa y Asia central,Ingreso alto,36821749,-0.43,306090.0,18891.2,77.2,59.8,86.9
PRI,Puerto Rico (US),América Latina y el Caribe,Ingreso alto,3220148,-1.31,8870.0,35353.6,79.4,94.1,87.3
PRK,"Corea, República Popular Democrática de",Asia oriental y el Pacífico,Países de ingreso bajo,26328845,0.37,120410.0,,73.6,63.2,
PRT,Portugal,Europa y Asia central,Ingreso alto,10434332,0.7,91605.6,24620.5,81.6,61.1,84.5
PRY,Paraguay,América Latina y el Caribe,Ingreso mediano alto,6760464,1.13,396012.0,6189.1,72.3,68.6,76.3
PSE,Ribera Occidental y Gaza,"Oriente Medio, Norte de África, Afganistán y Pakistán",Países de ingreso mediano bajo,5043612,2.43,6025.0,3800.0,76.7,86.6,88.6
PYF,Polinesia Francesa,Asia oriental y el Pacífico,Ingreso alto,280378,0.21,3471.0,20054.0,83.9,61.7,
QAT,Qatar,"Oriente Medio, Norte de África, Afganistán y Pakistán",Ingreso alto,2657333,5.91,11490.0,88701.5,81.9,99.2,98.0
ROU,Rumania,Europa y Asia central,Ingreso alto,19048502,-0.39,230080.0,15503.5,75.2,52.2,85.5
RUS,Federación de Rusia,Europa y Asia central,Ingreso alto,144236933,-0.35,16376870.0,15625.6,72.5,74.9,90.4
RWA,Rwanda,África al sur del Sahara,Países de ingreso bajo,13651030,2.19,24670.0,1007.1,67.5,27.8,28.0
SAU,Arabia Saudita,"Oriente Medio, Norte de África, Afganistán y Pakistán",Ingreso alto,32175224,4.42,2149690.0,38510.2,77.3,84.1,100.0
SDN,Sudán,África al sur del Sahara,Países de ingreso bajo,49383346,2.7,1868000.0,1046.2,65.7,34.7,
SEN,Senegal,África al sur del Sahara,Países de ingreso mediano bajo,17651103,2.47,192530.0,1574.0,67.8,53.4,56.8
SGP,Singapur,Asia oriental y el Pacífico,Ingreso alto,5637022,3.31,718.0,91227.7,82.9,100.0,96.0
SLB,Islas Salomón,Asia oriental y el Pacífico,Países de ingreso mediano bajo,781066,2.39,27990.0,1877.8,70.4,29.4,28.0
SLE,Sierra Leona,África al sur del Sahara,Países de ingreso bajo,8276807,2.23,72180.0,860.4,61.3,44.3,21.5
SLV,El Salvador,América Latina y el Caribe,Ingreso mediano alto,6280319,0.39,20720.0,5074.6,72.0,74.1,60.1
SMR,San Marino,Europa y Asia central,Ingreso alto,33755,-1.46,60.0,54264.6,85.7,97.1,97.3
SOM,República Federal de Somalia,África al sur del Sahara,Países de ingreso bajo,17801897,3.03,627340.0,573.1,53.9,53.5,27.6
SRB,Serbia,Europa y Asia central,Ingreso mediano alto,6664449,-2.52,84090.0,10024.8,75.2,61.9,83.5
SSD,Sudán del Sur,África al sur del Sahara,Países de ingreso bajo,11021177,1.42,631930.0,,57.2,20.8,
STP,Santo Tomé y Príncipe,África al sur del Sahara,Países de ingreso mediano bajo,226305,1.94,960.0,2389.7,69.2,68.4,58.6
SUR,Suriname,América Latina y el Caribe,Ingreso mediano alto,623164,0.85,160507.6,6084.4,73.3,65.9,
SVK,República Eslovaca,Europa y Asia central,Ingreso alto,5431752,-0.28,48080.0,21317.8,77.0,53.2,89.1
SVN,Eslovenia,Europa y Asia central,Ingreso alto,2112076,0.19,20136.4,28360.3,81.3,55.3,88.9
SWE,Suecia,Europa y Asia central,Ingreso alto,10486941,0.68,407280.0,54836.9,83.1,88.4,95.0
SWZ,Eswatini,África al sur del Sahara,Países de ingreso mediano bajo,1218917,1.02,17200.0,3894.2,63.0,25.4,57.3
SXM,Sint Maarten (Dutch part),América Latina y el Caribe,Ingreso alto,42139,1.36,34.0,37793.1,76.2,100.0,
SYC,Seychelles,África al sur del Sahara,Ingreso alto,119878,,460.0,16682.7,74.5,44.9,84.8
SYR,República Árabe Siria,"Oriente Medio, Norte de África, Afganistán y Pakistán",Países de ingreso bajo,22462173,3.78,183630.0,1056.8,72.8,72.6,
TCA,Islas Turcas y Caicos,América Latina y el Caribe,Ingreso alto,45847,1.33,950.0,31280.5,77.9,93.7,
TCD,Chad,África al sur del Sahara,Países de ingreso bajo,18455316,3.46,1259200.0,966.0,54.5,25.8,11.2
TGO,Togo,África al sur del Sahara,Países de ingreso mediano bajo,8068616,1.66,54390.0,1071.6,62.3,42.7,35.6
THA,Tailandia,Asia oriental y el Pacífico,Ingreso mediano alto,71735329,0.01,510890.0,6910.0,75.3,59.7,88.0
TJK,Tayikistán,Europa y Asia central,Países de ingreso mediano bajo,10182222,2.14,138790.0,1052.2,71.6,26.2,48.9
TKM,Turkmenistán,Europa y Asia central,Ingreso mediano alto,7230193,1.93,469930.0,5198.2,69.9,47.1,
TLS,Timor-Leste,Asia oriental y el Pacífico,Países de ingreso mediano bajo,1369295,1.41,14870.0,2343.2,67.4,28.6,
TON,Tonga,Asia oriental y el Pacífico,Ingreso mediano alto,105042,-0.43,720.0,5298.0,72.6,21.1,61.6
TTO,Trinidad y Tobago,América Latina y el Caribe,Ingreso alto,1365805,-0.13,5130.0,20750.5,73.3,53.9,81.7
TUN,Túnez,"Oriente Medio, Norte de África, Afganistán y Pakistán",Países de ingreso mediano bajo,12119334,0.59,155360.0,3707.3,76.0,69.7,
TUR,Turquía,Europa y Asia central,Ingreso mediano alto,84979913,0.98,769630.0,10897.8,77.6,89.0,83.4
TUV,Tuvalu,Asia oriental y el Pacífico,Ingreso mediano alto,9992,-2.0,30.0,5414.7,66.9,63.3,
TZA,Tanzanía,África al sur del Sahara,Países de ingreso mediano bajo,64711821,2.95,885800.0,1207.5,66.9,34.8,26.9
UGA,Uganda,África al sur del Sahara,Países de ingreso bajo,47312719,3.01,200520.0,963.1,67.7,29.9,9.6
UKR,Ucrania,Europa y Asia central,Ingreso mediano alto,41048766,-7.62,579400.0,4199.7,72.7,69.4,80.5
URY,Uruguay,América Latina y el Caribe,Ingreso alto,3390913,-0.17,175020.0,21009.3,76.5,95.5,89.9
USA,Estados Unidos,América del Norte,Ingreso alto,333996304,0.57,9147420.0,78008.7,77.4,80.0,92.7
UZB,Uzbekistán,Europa y Asia central,Países de ingreso mediano bajo,34938955,2.01,440652.0,2698.6,72.1,51.0,83.9
VCT,San Vicente y las Granadinas,América Latina y el Caribe,Ingreso mediano alto,102046,-0.78,390.0,9693.6,71.2,47.6,74.8
VEN,Venezuela,América Latina y el Caribe,Países de ingreso mediano bajo,28213017,-0.09,882050.0,3155.0,72.6,89.2,75.8
VGB,Islas Vírgenes Británicas,América Latina y el Caribe,Ingreso alto,38319,1.34,150.0,,77.2,54.8,
VIR,Islas Vírgenes (EE.UU.),América Latina y el Caribe,Ingreso alto,105413,-0.43,350.0,44320.9,80.3,95.2,
VNM,Viet Nam,Asia oriental y el Pacífico,Ingreso mediano alto,99680655,0.75,313429.0,4147.7,74.5,37.5,78.6
VUT,Vanuatu,Asia oriental y el Pacífico,Países de ingreso mediano bajo,313046,2.32,12190.0,3679.5,71.3,22.3,
WSM,Samoa,Asia oriental y el Pacífico,Ingreso mediano alto,215261,0.69,2780.0,4132.4,71.6,17.5,
XKX,Kosovo,Europa y Asia central,Ingreso mediano alto,1768096,-1.01,,5298.1,77.6,47.8,
YEM,"Yemen, Rep. del","Oriente Medio, Norte de África, Afganistán y Pakistán",Países de ingreso bajo,38222876,2.87,527970.0,,68.0,36.3,
ZAF,Sudáfrica,África al sur del Sahara,Ingreso mediano alto,62378410,1.41,1213090.0,6534.2,65.5,63.5,78.3
ZMB,Zambia,África al sur del Sahara,Países de ingreso mediano bajo,20152938,2.76,743390.0,1447.1,65.3,44.6,15.0
ZWE,Zimbabwe,África al sur del Sahara,Países de ingreso mediano bajo,16069056,1.71,386850.0,2536.4,62.4,38.7,36.3
