nombre,pais,codigo_pais,capital,poblacion,longitud,latitud
Vatican City,Vatican,VAT,True,832,12.453387,41.903282
San Marino,San Marino,SMR,True,29579,12.44177,43.936096
Vaduz,Liechtenstein,LIE,True,36281,9.51667,47.133724
Lobamba,eSwatini,SWZ,False,9782,31.199997,-26.466668
Luxembourg,Luxembourg,LUX,True,107260,6.130003,49.61166
Palikir,Federated States of Micronesia,FSM,True,4645,158.149974,6.916644
Majuro,Marshall Islands,MHL,True,25400,171.38,7.103004
Funafuti,Tuvalu,TUV,True,4749,179.216647,-8.516652
Melekeok,Palau,PLW,True,7026,134.626549,7.487396
Bir Lehlou,Western Sahara,SAH,False,500,-9.652522,26.119167
Monaco,Monaco,MCO,True,36371,7.406913,43.739646
Tarawa,Kiribati,KIR,True,28802,173.017571,1.338188
Moroni,Comoros,COM,True,128698,43.240244,-11.704158
Andorra,Andorra,AND,True,53998,1.516486,42.500001
Port-of-Spain,Trinidad and Tobago,TTO,True,294934,-61.517031,10.651997
Kigali,Rwanda,RWA,True,860000,30.058586,-1.951644
Mbabane,eSwatini,SWZ,True,90138,31.133335,-26.316651
Juba,South Sudan,SSD,False,111975,31.580026,4.829975
The Hague,Netherlands,NLD,False,1406000,4.269961,52.080037
Ljubljana,Slovenia,SVN,True,314807,14.514969,46.055288
Bratislava,Slovakia,SVK,True,423737,17.116981,48.150018
Doha,Qatar,QAT,True,1450000,51.532968,25.286556
Podgorica,Montenegro,MNE,True,145850,19.266307,42.465973
Sri Jayawardenepura Kotte,Sri Lanka,LKA,False,115826,79.949993,6.900004
Baguio,Philippines,PHL,False,447824,120.569943,16.429991
Dodoma,Tanzania,TZA,False,218269,35.750004,-6.183306
Bern,Switzerland,CHE,True,275329,7.466976,46.916683
Laayoune,Morocco,MAR,False,188084,-13.200006,27.149982
Pristina,Kosovo,KOS,True,465186,21.165984,42.66671
Roseau,Dominica,DMA,True,23336,-61.387013,15.301016
Djibouti,Djibouti,DJI,True,923000,43.148002,11.595015
Putrajaya,Malaysia,MYS,False,67964,101.701947,2.91402
Kyoto,Japan,JPN,False,1805000,135.748052,35.031938
Banjul,The Gambia,GMB,True,43094,-16.591702,13.453877
Skopje,North Macedonia,MKD,True,494087,21.433462,42.000006
Bridgetown,Barbados,BRB,True,191152,-59.616527,13.102003
Porto-Novo,Benin,BEN,False,300000,2.616626,6.483311
Bujumbura,Burundi,BDI,True,331700,29.360006,-3.376087
Kingstown,Saint Vincent and the Grenadines,VCT,True,49485,-61.212062,13.148279
Castries,Saint Lucia,LCA,True,37963,-61.000008,14.001974
Basseterre,Saint Kitts and Nevis,KNA,True,21887,-62.717009,17.302031
Port Louis,Mauritius,MUS,True,595491,57.499994,-20.166639
Saint George's,Grenada,GRD,True,33734,-61.741643,12.052633
Manama,Bahrain,BHR,True,563920,50.583052,26.236136
Saint John's,Antigua and Barbuda,ATG,True,35499,-61.850034,17.118037
Montevideo,Uruguay,URY,True,1513000,-56.172998,-34.856096
Lomé,Togo,TGO,True,1452000,1.220811,6.133883
Tunis,Tunisia,TUN,True,2412500,10.179678,36.802778
Abu Dhabi,United Arab Emirates,ARE,True,603492,54.366593,24.466684
Ashgabat,Turkmenistan,TKM,True,727700,58.383299,37.949995
Lusaka,Zambia,ZMB,True,1328000,28.281382,-15.414698
Harare,Zimbabwe,ZWE,True,1572000,31.042764,-17.815844
Dili,East Timor,TLS,True,234331,125.579456,-8.559388
Port Vila,Vanuatu,VUT,True,44040,168.316641,-17.73335
Tegucigalpa,Honduras,HND,True,946000,-87.219475,14.103991
Georgetown,Guyana,GUY,True,264350,-58.167029,6.801974
Reykjavík,Iceland,ISL,True,166212,-21.950015,64.150024
Port-au-Prince,Haiti,HTI,True,1998000,-72.33798,18.542971
Kampala,Uganda,UGA,True,1420000,32.581378,0.318605
Paramaribo,Suriname,SUR,True,254169,-55.167031,5.83503
Niamey,Niger,NER,True,915000,2.11471,13.518652
Dushanbe,Tajikistan,TJK,True,1086244,68.773879,38.560035
Asunción,Paraguay,PRY,True,1870000,-57.643451,-25.294457
Managua,Nicaragua,NIC,True,920000,-86.270438,12.154962
Freetown,Sierra Leone,SLE,True,827000,-13.236162,8.471957
Islamabad,Pakistan,PAK,True,780000,73.164689,33.701942
Kathmandu,Nepal,NPL,True,895000,85.314696,27.718638
Bloemfontein,South Africa,ZAF,True,463064,26.229913,-29.119994
Pretoria,South Africa,ZAF,True,1338000,28.227483,-25.704975
Port Moresby,Papua New Guinea,PNG,True,283733,147.192504,-9.464708
Honiara,Solomon Islands,SLB,True,76328,159.949766,-9.437994
Panama City,Panama,PAN,True,1281000,-79.534983,8.969963
Rabat,Morocco,MAR,True,1705000,-6.836408,34.025307
Chișinău,Moldova,MDA,True,688134,28.857711,47.005024
Maputo,Mozambique,MOZ,True,1446000,32.587217,-25.953332
Mogadishu,Somalia,SOM,True,1100000,45.364732,2.068627
Muscat,Oman,OMN,True,734697,58.593312,23.613325
Colombo,Sri Lanka,LKA,True,217000,79.857751,6.931966
Ulaanbaatar,Mongolia,MNG,True,885000,106.91467,47.918619
Windhoek,Namibia,NAM,True,268132,17.083546,-22.570006
Abuja,Nigeria,NGA,True,1576000,7.531382,9.085279
Bissau,Guinea Bissau,GNB,True,403339,-15.598361,11.865024
Amman,Jordan,JOR,True,1060000,35.931354,31.951971
Vilnius,Lithuania,LTU,True,542366,25.316635,54.683366
Riga,Latvia,LVA,True,742572,24.099965,56.950024
Bishkek,Kyrgyzstan,KGZ,True,837000,74.583258,42.875025
Maseru,Lesotho,LSO,True,361324,27.483273,-29.316674
Antananarivo,Madagascar,MDG,True,1697000,47.514678,-18.914692
Quito,Ecuador,ECU,True,1701000,-78.501997,-0.213042
San José,Costa Rica,CRI,True,1284000,-84.085997,9.936958
San Salvador,El Salvador,SLV,True,1433000,-89.204987,13.711948
Kingston,Jamaica,JAM,True,937700,-76.767434,17.977077
N'Djamena,Chad,TCD,True,989000,15.047203,12.115042
Malabo,Equatorial Guinea,GNQ,True,155963,8.783278,3.750015
Asmara,Eritrea,ERI,True,620802,38.933324,15.333339
Zagreb,Croatia,HRV,True,722526,15.999995,45.800007
Tallinn,Estonia,EST,True,394024,24.728041,59.433877
Lilongwe,Malawi,MWI,True,646750,33.783302,-13.983295
Guatemala City,Guatemala,GTM,True,1024000,-90.528911,14.623081
Libreville,Gabon,GAB,True,578156,9.457965,0.385389
Suva,Fiji,FJI,True,175399,178.441707,-18.133016
Valparaíso,Chile,CHL,False,854000,-71.62296,-33.045819
Nouakchott,Mauritania,MRT,True,742144,-15.97534,18.086427
Bamako,Mali,MLI,True,1494000,-8.001985,12.651961
Beirut,Lebanon,LBN,True,1846000,35.507762,33.873921
Tbilisi,Georgia,GEO,True,1100000,44.78885,41.726956
Nur-Sultan,Kazakhstan,KAZ,True,345604,71.427774,51.181125
Vientiane,Laos,LAO,True,754000,102.59998,17.966693
Brazzaville,Congo (Brazzaville),COG,True,1355000,15.282744,-4.25724
Conakry,Guinea,GIN,True,1494000,-13.682181,9.533469
Yamoussoukro,Ivory Coast,CIV,True,206499,-5.275503,6.818381
Ottawa,Canada,CAN,True,1145000,-75.701961,45.418643
Belgrade,Serbia,SRB,True,1099000,20.466045,44.820591
Bandar Seri Begawan,Brunei,BRN,True,296500,114.933284,4.883331
Sucre,Bolivia,BOL,True,224838,-65.259516,-19.040971
Belmopan,Belize,BLZ,True,15220,-88.767073,17.252034
Bangui,Central African Republic,CAF,True,831925,18.558288,4.366644
Yaoundé,Cameroon,CMR,True,1611000,11.514705,3.868647
Tirana,Albania,ALB,True,895350,19.818883,41.327541
Yerevan,Armenia,ARM,True,1102000,44.511606,40.183097
Baku,Azerbaijan,AZE,True,2122300,49.860271,40.397218
Phnom Penh,Cambodia,KHM,True,1466000,104.914689,11.551976
La Paz,Bolivia,BOL,True,1590000,-68.151931,-16.496028
Cotonou,Benin,BEN,True,762000,2.518045,6.401954
Sofia,Bulgaria,BGR,True,1185000,23.314708,42.685295
Minsk,Belarus,BLR,True,1805000,27.564681,53.901923
Thimphu,Bhutan,BTN,True,98676,89.639014,27.472986
Gaborone,Botswana,BWA,True,208411,25.911948,-24.646314
Canberra,Australia,AUS,True,327700,149.129026,-35.283029
Ouagadougou,Burkina Faso,BFA,True,1149000,-1.52667,12.372262
Sarajevo,Bosnia and Herzegovina,BIH,True,696731,18.383002,43.850022
Naypyidaw,Myanmar,MMR,True,930000,96.116673,19.768503
Nuku'alofa,Tonga,TON,True,42620,-175.220565,-21.138512
Hargeisa,Somaliland,SOL,True,477876,44.06531,9.560022
Victoria,Seychelles,SYC,True,33576,55.44999,-4.616632
São Tomé,Sao Tome and Principe,STP,True,88219,6.733325,0.333402
Apia,Samoa,WSM,True,61916,-171.738642,-13.841545
Valletta,Malta,MLT,True,368250,14.514711,35.899733
Malé,Maldives,MDV,True,112927,73.499948,4.166708
Jerusalem,Israel,ISR,True,1029300,35.206626,31.778408
Praia,Cape Verde,CPV,True,113364,-23.516689,14.916698
Nassau,The Bahamas,BHS,True,227940,-77.350044,25.08339
Nicosia,Cyprus,CYP,True,224300,33.366635,35.166677
Wellington,New Zealand,NZL,True,393400,174.783266,-41.299988
Hanoi,Vietnam,VNM,True,4378000,105.848068,21.035273
Ankara,Turkey,TUR,True,3716000,32.862446,39.929184
Budapest,Hungary,HUN,True,1679000,19.081375,47.501952
Sanaa,Yemen,YEM,True,2008000,44.204648,15.356679
Bucharest,Romania,ROU,True,1942000,26.098001,44.435318
Damascus,Syria,SYR,True,2466000,36.29805,33.50198
Lisbon,Portugal,PRT,True,2812000,-9.146812,38.724669
Khartoum,Sudan,SDN,True,4754000,32.532233,15.590024
Oslo,Norway,NOR,True,835000,10.748033,59.918636
Warsaw,Poland,POL,True,1707000,20.998054,52.251947
Pyongyang,North Korea,PRK,True,3300000,125.752745,39.021385
Dar es Salaam,Tanzania,TZA,True,2930000,39.266396,-6.798067
Dublin,Ireland,IRL,True,1059000,-6.250852,53.335007
Monrovia,Liberia,LBR,True,1041000,-10.79966,6.314582
Kuala Lumpur,Malaysia,MYS,True,1448000,101.698037,3.168612
Havana,Cuba,CUB,True,2174000,-82.366128,23.133905
Prague,Czechia,CZE,True,1162000,14.464034,50.085283
Kuwait City,Kuwait,KWT,True,2063000,47.976355,29.371664
Santo Domingo,Dominican Republic,DOM,True,2154000,-69.902031,18.472019
Accra,Ghana,GHA,True,2121000,-0.218662,5.551981
Tripoli,Libya,LBY,True,2189000,13.180012,32.8925
Tel Aviv,Israel,ISR,False,3112000,34.768066,32.081937
Helsinki,Finland,FIN,True,1115000,24.932181,60.177509
København,Denmark,DNK,True,1085000,12.56154,55.68051
Abidjan,Ivory Coast,CIV,True,3802000,-4.041994,5.321943
Brasília,Brazil,BRA,True,3716996,-47.917998,-15.781394
Brussels,Belgium,BEL,True,1743000,4.331371,50.835263
Dhaka,Bangladesh,BGD,True,12797394,90.406634,23.725006
Luanda,Angola,AGO,True,5172900,13.232481,-8.83634
Algiers,Algeria,DZA,True,3354000,3.048607,36.765011
Yangon,Myanmar,MMR,False,4088000,96.164732,16.7853
San Francisco,United States of America,USA,False,3450000,-122.417169,37.769196
Denver,United States of America,USA,False,2313000,-104.985962,39.741134
Houston,United States of America,USA,False,4459000,-95.341925,29.82192
Miami,United States of America,USA,False,5585000,-80.226052,25.789557
Atlanta,United States of America,USA,False,4506000,-84.401895,33.83196
Chicago,United States of America,USA,False,8990000,-87.752001,41.831937
Caracas,Venezuela,VEN,True,2985000,-66.918983,10.502944
Kyiv,Ukraine,UKR,True,2709000,30.514682,50.435313
Dubai,United Arab Emirates,ARE,False,1379000,55.278029,25.231942
Tashkent,Uzbekistan,UZB,True,2184000,69.292987,41.313648
Madrid,Spain,ESP,True,5567000,-3.685298,40.401972
Geneva,Switzerland,CHE,False,1240000,6.140028,46.210008
Stockholm,Sweden,SWE,True,1264000,18.095389,59.352706
Bangkok,Thailand,THA,True,6704000,100.514699,13.751945
Lima,Peru,PER,True,8012000,-77.052008,-12.046067
Dakar,Senegal,SEN,True,2604000,-17.475076,14.717778
Johannesburg,South Africa,ZAF,False,3435000,28.028064,-26.168099
Amsterdam,Netherlands,NLD,True,1031000,4.914694,52.351915
Casablanca,Morocco,MAR,False,3181000,-7.618313,33.601922
Seoul,South Korea,KOR,True,9796000,126.997785,37.568295
Manila,Philippines,PHL,True,11100000,120.980271,14.606105
Monterrey,Mexico,MEX,False,3712000,-100.331931,25.671941
Berlin,Germany,DEU,True,3406000,13.399603,52.523765
Ürümqi,China,CHN,False,3575000,87.57306,43.806958
Chengdu,China,CHN,False,4123000,104.068074,30.671946
Ōsaka,Japan,JPN,False,11294000,135.458199,34.751981
Kinshasa,Congo (Kinshasa),COD,True,7843000,15.313026,-4.327778
New Delhi,India,IND,True,317797,77.19998,28.600023
Bengaluru,India,IND,False,6787000,77.558064,12.971941
Athens,Greece,GRC,True,3242000,23.731375,37.985272
Baghdad,Iraq,IRQ,True,5054000,44.391923,33.340594
Addis Ababa,Ethiopia,ETH,True,3100000,38.698059,9.035256
Tehran,Iran,IRN,True,7873000,51.422398,35.673889
Vancouver,Canada,CAN,False,2313328,-123.12359,49.275362
Toronto,Canada,CAN,False,5213000,-79.421967,43.701926
Buenos Aires,Argentina,ARG,True,12795000,-58.399477,-34.600556
Kabul,Afghanistan,AFG,True,3277000,69.181314,34.518636
Vienna,Austria,AUT,True,2400000,16.364693,48.201961
Melbourne,Australia,AUS,False,4170000,144.97307,-37.818086
Taipei,Taiwan,TWN,True,6900273,121.568333,25.035833
Auckland,New Zealand,NZL,False,1377200,174.763027,-36.848055
Los Angeles,United States of America,USA,False,12500000,-118.181926,33.991924
"Washington,  D.C.",United States of America,USA,True,4338000,-77.011364,38.901495
New York,United States of America,USA,False,19040000,-73.981963,40.751925
London,United Kingdom,GBR,True,8567000,-0.118668,51.501941
Istanbul,Turkey,TUR,False,10061000,29.008056,41.106942
Riyadh,Saudi Arabia,SAU,True,4465000,46.770796,24.642779
Cape Town,South Africa,ZAF,True,3215000,18.433042,-33.918065
Moscow,Russia,RUS,True,10452000,37.613577,55.75411
Mexico City,Mexico,MEX,True,19028000,-99.132934,19.444388
Lagos,Nigeria,NGA,False,9466000,3.389585,6.445208
Rome,Italy,ITA,True,3339000,12.481313,41.897902
Beijing,China,CHN,True,11106000,116.38634,39.930838
Nairobi,Kenya,KEN,True,3010000,36.814711,-1.281401
Jakarta,Indonesia,IDN,True,9125000,106.827492,-6.172472
Bogota,Colombia,COL,True,7772000,-74.08529,4.598369
Cairo,Egypt,EGY,True,11893000,31.248022,30.051906
Shanghai,China,CHN,False,14987000,121.434559,31.218398
Tokyo,Japan,JPN,True,35676000,139.749462,35.686963
Mumbai,India,IND,False,18978000,72.855043,19.018936
Paris,France,FRA,True,9904000,2.33139,48.868639
Santiago,Chile,CHL,True,5720000,-70.668987,-33.448068
Kolkata,India,IND,False,14787000,88.32273,22.496915
Rio de Janeiro,Brazil,BRA,False,11748000,-43.226967,-22.923077
São Paulo,Brazil,BRA,False,18845000,-46.626966,-23.556734
Sydney,Australia,AUS,False,4630000,151.183234,-33.918065
Singapore,Singapore,SGP,True,5183700,103.853875,1.294979
Hong Kong,Hong Kong S.A.R.,HKG,False,7206000,114.183064,22.306927
