codigo_provincia,provincia,codigo_canton,canton,poblacion,hombres,mujeres,viviendas,viviendas_ocupadas,viviendas_desocupadas,promedio_ocupantes,area_km2,densidad,tasa_crecimiento_poblacion,tasa_crecimiento_viviendas,relacion_hombre_mujer
1,San José,101,San José,352381,168817,183564,116872,111228,5644,3.16,44.62,7897.4,1.83,2.68,92.0
1,San José,102,Escazú,71500,33923,37577,26392,24379,2013,2.92,34.53,2070.7,2.14,3.14,90.3
1,San José,103,Desamparados,223226,106209,117017,74568,70380,4188,3.16,118.89,1877.6,0.62,1.96,90.8
1,San José,104,Puriscal,38525,18685,19840,14902,13438,1464,2.87,555.04,69.4,1.41,2.76,94.2
1,San José,105,Tarrazú,17810,9323,8487,7331,5778,1553,3.07,291.27,61.1,0.82,2.22,109.9
1,San José,106,Aserrí,59588,29565,30023,20941,18964,1977,3.14,168.26,354.1,0.26,1.75,98.5
1,San José,107,Mora,32348,15732,16616,12326,10848,1478,2.98,163.48,197.9,1.88,3.22,94.7
1,San José,108,Goicoechea,132104,62090,70014,43361,41266,2095,3.19,31.7,4167.3,1.25,2.08,88.7
1,San José,109,Santa Ana,58020,29503,28517,21206,19548,1658,2.95,61.42,944.6,1.51,2.67,103.5
1,San José,110,Alajuelita,81012,38976,42036,25008,22687,2321,3.57,21.47,3773.3,0.39,1.75,92.7
1,San José,111,Vásquez de Coronado,67078,32502,34576,22610,21503,1107,3.11,223.93,299.5,0.94,1.99,94.0
1,San José,112,Acosta,22542,10775,11767,9138,7845,1293,2.87,342.56,65.8,0.99,2.64,91.6
1,San José,113,Tibás,74592,36040,38552,27041,25320,1721,2.94,8.27,9019.6,1.27,2.62,93.5
1,San José,114,Moravia,59546,26869,32677,20781,19618,1163,3.03,28.82,2066.1,0.41,1.27,82.2
1,San José,115,Montes de Oca,53862,24768,29094,23707,21066,2641,2.55,15.78,3413.3,0.84,2.37,85.1
1,San José,116,Turrubares,6173,3292,2881,3109,2235,874,2.75,416.25,14.8,1.03,2.45,114.3
1,San José,117,Dota,9364,4904,4460,4038,3041,997,3.07,404.44,23.2,2.71,3.58,110.0
1,San José,118,Curridabat,71026,34467,36559,27454,24021,3433,2.95,16.06,4422.5,0.78,2.6,94.3
1,San José,119,Pérez Zeledón,156917,80643,76274,63277,54962,8315,2.83,1901.08,82.5,1.4,3.17,105.7
1,San José,120,León Cortés,13553,6529,7024,5401,4353,1048,3.11,121.9,111.2,0.96,1.73,93.0
2,Alajuela,201,Alajuela,322143,159817,162326,110560,101968,8592,3.08,391.61,822.6,2.13,3.21,98.5
2,Alajuela,202,San Ramón,93264,46321,46943,36416,31246,5170,2.98,1021.75,91.3,1.33,2.76,98.7
2,Alajuela,203,Grecia,76226,36848,39378,26746,25136,1610,3.03,142.47,535.0,1.33,2.55,93.6
2,Alajuela,204,San Mateo,6952,3691,3261,3814,2276,1538,3.05,125.03,55.6,1.14,3.98,113.2
2,Alajuela,205,Atenas,30407,14788,15619,11257,10086,1171,2.98,126.32,240.7,1.61,2.35,94.7
2,Alajuela,206,Naranjo,46647,22839,23808,16129,14594,1535,3.19,127.03,367.2,0.8,2.06,95.9
2,Alajuela,207,Palmares,39148,18824,20324,13318,12453,865,3.14,38.94,1005.3,1.09,2.36,92.6
2,Alajuela,208,Poás,36207,18182,18025,12145,10998,1147,3.29,74.48,486.1,1.96,3.14,100.9
2,Alajuela,209,Orotina,24217,12252,11965,10136,7810,2326,3.09,145.11,166.9,1.59,2.91,102.4
2,Alajuela,210,San Carlos,198742,101847,96895,72258,62809,9449,3.15,3352.14,59.3,1.76,3.26,105.1
2,Alajuela,211,Zarcero,15153,7261,7892,5017,4695,322,3.21,157.36,96.3,1.97,3.02,92.0
2,Alajuela,212,Sarchí,21562,10942,10620,7908,6966,942,3.1,136.77,157.7,1.6,3.1,103.0
2,Alajuela,213,Upala,57361,30060,27301,20497,17682,2815,3.24,1592.68,36.0,2.42,3.94,110.1
2,Alajuela,214,Los Chiles,34701,18410,16291,12043,10525,1518,3.3,1332.71,26.0,3.45,4.71,113.0
2,Alajuela,215,Guatuso,18316,9597,8719,7188,5902,1286,3.1,752.83,24.3,1.51,2.79,110.1
2,Alajuela,216,Río Cuarto,14418,7638,6780,4688,4013,675,3.59,254.9,56.6,2.4,3.34,112.7
3,Cartago,301,Cartago,165417,80732,84685,53652,49257,4395,3.34,278.66,593.6,1.02,2.41,95.3
3,Cartago,302,Paraíso,65941,32341,33600,20948,19069,1879,3.45,477.0,138.2,1.21,2.49,96.3
3,Cartago,303,La Unión,99539,49352,50187,32827,31235,1592,3.19,44.18,2253.0,0.01,1.21,98.3
3,Cartago,304,Jiménez,18710,9208,9502,7138,6040,1098,3.1,250.07,74.8,2.21,3.64,96.9
3,Cartago,305,Turrialba,82065,40905,41160,32994,29205,3789,2.81,1589.24,51.6,1.5,3.2,99.4
3,Cartago,306,Alvarado,17134,8548,8586,5485,4974,511,3.44,79.19,216.4,1.64,2.88,99.6
3,Cartago,307,Oreamuno,48911,23776,25135,14601,13675,926,3.58,202.89,241.1,0.66,1.85,94.6
3,Cartago,308,El Guarco,47375,23211,24164,15626,14235,1391,3.3,172,275.4,1.14,2.54,96.1
4,Heredia,401,Heredia,131901,62891,69010,45401,43160,2241,3.05,283.12,465.9,0.59,1.8,91.1
4,Heredia,402,Barva,47699,22501,25198,16368,15401,967,3.09,56.02,851.5,1.45,2.69,89.3
4,Heredia,403,Santo Domingo,45932,22621,23311,15579,14719,860,3.12,25.4,1808.3,1.24,2.16,97.0
4,Heredia,404,Santa Bárbara,39133,19533,19600,13440,12452,988,3.14,52.1,751.1,0.7,1.95,99.7
4,Heredia,405,San Rafael,48848,24066,24782,16775,15649,1126,3.12,48.31,1011.1,0.55,1.59,97.1
4,Heredia,406,San Isidro,22806,11524,11282,7694,7279,415,3.11,26.67,855.1,0.91,2.02,102.1
4,Heredia,407,Belén,23759,11315,12444,8216,7710,506,3.08,12.38,1919.1,0.85,2.04,90.9
4,Heredia,408,Flores,22026,11067,10959,7467,7200,267,3.06,6.75,3263.1,0.86,1.75,101.0
4,Heredia,409,San Pablo,29860,14705,15155,10440,9906,534,3.0,8.34,3580.3,0.69,1.76,97.0
4,Heredia,410,Sarapiquí,67153,34884,32269,27368,21156,6212,3.17,2144.22,31.3,1.47,3.26,108.1
5,Guanacaste,501,Liberia,80130,40188,39942,27178,23289,3889,3.39,1442.17,55.6,2.19,3.42,100.6
5,Guanacaste,502,Nicoya,66268,34307,31961,26509,22199,4310,2.98,1337.56,49.5,2.41,3.35,107.3
5,Guanacaste,503,Santa Cruz,72366,37393,34973,34088,25426,8662,2.84,1320.8,54.8,2.48,3.68,106.9
5,Guanacaste,504,Bagaces,23709,12602,11107,8798,7545,1253,3.14,1277.93,18.6,1.76,2.71,113.5
5,Guanacaste,505,Carrillo,48227,24578,23649,20551,14693,5858,3.28,599.01,80.5,2.38,3.14,103.9
5,Guanacaste,506,Cañas,31738,16099,15639,10595,9388,1207,3.38,687.04,46.2,1.74,2.69,102.9
5,Guanacaste,507,Abangares,22211,11405,10806,8734,7319,1415,3.03,646.02,34.4,1.89,3.07,105.5
5,Guanacaste,508,Tilarán,21232,10919,10313,8867,7512,1355,2.82,669.24,31.7,0.71,2.04,105.9
5,Guanacaste,509,Nandayure,11874,6270,5604,5229,4071,1158,2.91,568.14,20.9,0.6,1.61,111.9
5,Guanacaste,510,La Cruz,26829,13793,13036,9443,7786,1657,3.44,1385.4,19.4,3.05,4.77,105.8
5,Guanacaste,511,Hojancha,8224,4122,4102,3755,2732,1023,3.01,262.99,31.3,1.21,3.7,100.5
6,Puntarenas,601,Puntarenas,141697,71940,69757,55255,45816,9439,3.08,1816.86,78.0,1.9,3.15,103.1
6,Puntarenas,602,Esparza,34808,17818,16990,13717,11146,2571,3.12,217.23,160.2,1.77,2.68,104.9
6,Puntarenas,603,Buenos Aires,50562,26097,24465,19747,17295,2452,2.92,2382.94,21.2,1.01,2.7,106.7
6,Puntarenas,604,Montes de Oro,16395,8778,7617,6207,5458,749,2.99,247.6,66.2,2.14,3.02,115.2
6,Puntarenas,605,Osa,36088,18711,17377,18556,13837,4719,2.6,1932.7,18.7,1.85,4.41,107.7
6,Puntarenas,606,Quepos,32416,17296,15120,13545,10996,2549,2.95,557.85,58.1,1.71,3.13,114.4
6,Puntarenas,607,Golfito,44086,23117,20969,17762,15439,2323,2.85,1752.75,25.2,1.08,2.32,110.2
6,Puntarenas,608,Coto Brus,46351,23643,22708,18888,16138,2750,2.87,944.22,49.1,1.7,3.1,104.1
6,Puntarenas,609,Parrita,20068,10093,9975,9895,6614,3281,3.02,483.22,41.5,1.99,4.12,101.2
6,Puntarenas,610,Corredores,51023,27314,23709,18764,16588,2176,3.07,623.62,81.8,1.81,3.32,115.2
6,Puntarenas,611,Garabito,26672,14611,12061,16655,9282,7373,2.86,316.01,84.4,3.97,4.58,121.1
7,Limón,701,Limón,116457,61157,55300,40516,34677,5839,3.34,1769.38,65.8,1.91,2.81,110.6
7,Limón,702,Pococí,146320,75217,71103,53592,46883,6709,3.07,2188.17,66.9,1.36,2.46,105.8
7,Limón,703,Siquirres,63765,32731,31034,24505,20621,3884,3.09,855.14,74.6,1.05,2.63,105.5
7,Limón,704,Talamanca,48906,26169,22737,19555,14984,4571,3.26,2792.23,17.5,4.23,6.15,115.1
7,Limón,705,Matina,45329,24183,21146,15089,13698,1391,3.31,770.4,58.8,1.67,2.28,114.4
7,Limón,706,Guácimo,49606,25184,24422,18438,15988,2450,3.1,801.56,61.9,1.67,2.7,103.1
