codigo_provincia,provincia,codigo_canton,canton,distrito,poblacion,hombres,mujeres,viviendas,viviendas_ocupadas,viviendas_desocupadas,promedio_ocupantes,area_km2,densidad,tasa_crecimiento_poblacion,tasa_crecimiento_viviendas,relacion_hombre_mujer
1,San José,101,San José,Carmen,2759,1280,1479,1382,1198,184,2.29,1.49,1851.7,0.19,0.89,86.5
1,San José,101,San José,Merced,15804,7479,8325,5606,5071,535,3.12,2.2,7183.6,2.31,3.23,89.8
1,San José,101,San José,Hospital,25619,12259,13360,7970,7488,482,3.33,3.32,7716.6,2.59,3.25,91.8
1,San José,101,San José,Catedral,14355,6491,7864,5649,5019,630,2.84,2.37,6057.0,0.95,1.14,82.5
1,San José,101,San José,Zapote,19684,8760,10924,7409,6859,550,2.87,2.86,6882.5,0.48,1.42,80.2
1,San José,101,San José,San Francisco de Dos Ríos,21682,10416,11266,7705,7404,301,2.92,2.64,8212.9,0.64,1.09,92.5
1,San José,101,San José,Uruca,46829,22071,24758,14311,13992,319,3.35,8.39,5581.5,3.54,4.46,89.1
1,San José,101,San José,Mata Redonda,11491,5351,6140,4456,4122,334,2.79,3.66,3139.6,2.94,2.69,87.1
1,San José,101,San José,Pavas,83573,41152,42421,26109,25650,459,3.26,9.35,8938.3,1.43,2.55,97.0
1,San José,101,San José,Hatillo,60363,29345,31018,19706,18588,1118,3.25,4.37,13813.0,1.62,2.82,94.6
1,San José,101,San José,San Sebastián,50222,24213,26009,16569,15837,732,3.17,3.97,12650.4,2.05,3.02,93.1
1,San José,102,Escazú,Escazú,12590,5997,6593,4660,4253,407,2.95,4.53,2779.2,0.45,1.68,91.0
1,San José,102,Escazú,San Antonio,26549,12542,14007,9535,8947,588,2.96,16.96,1565.4,1.48,3.52,89.5
1,San José,102,Escazú,San Rafael,32361,15384,16977,12197,11179,1018,2.88,13.04,2481.7,3.52,3.46,90.6
1,San José,103,Desamparados,Desamparados,31783,15064,16719,11461,10618,843,2.99,3.32,9573.2,-0.58,0.91,90.1
1,San José,103,Desamparados,San Miguel,38194,18251,19943,12035,11505,530,3.32,21.34,1789.8,1.66,2.7,91.5
1,San José,103,Desamparados,San Juan de Dios,19583,9394,10189,6327,5997,330,3.26,2.85,6871.2,0.05,1.45,92.2
1,San José,103,Desamparados,San Rafael Arriba,24008,11297,12711,7118,6864,254,3.4,3.23,7432.8,4.12,4.6,88.9
1,San José,103,Desamparados,San Antonio,9360,4395,4965,3302,3114,188,3.01,2.07,4521.7,-0.35,0.31,88.5
1,San José,103,Desamparados,Frailes,4111,2022,2089,1424,1319,105,3.12,19.66,209.1,0.78,1.52,96.8
1,San José,103,Desamparados,Patarrá,12756,6140,6616,4534,4327,207,2.95,15.88,803.3,0.62,2.67,92.8
1,San José,103,Desamparados,San Cristóbal,4755,2290,2465,1800,1566,234,3.04,25.02,190.0,1.79,3.63,92.9
1,San José,103,Desamparados,Rosario,3465,1692,1773,1435,1293,142,2.68,14.85,233.3,1.05,3.39,95.4
1,San José,103,Desamparados,Damas,13475,6380,7095,4419,4303,116,3.13,2.65,5084.9,0.2,1.44,89.9
1,San José,103,Desamparados,San Rafael Abajo,21408,10150,11258,7556,7338,218,2.92,2.02,10598.0,-0.76,1.03,90.2
1,San José,103,Desamparados,Gravilias,15666,7311,8355,5258,5033,225,3.11,2.94,5328.6,0.38,0.77,87.5
1,San José,103,Desamparados,Los Guido,24662,11823,12839,7899,7103,796,3.47,3.06,8059.5,0.21,2.86,92.1
1,San José,104,Puriscal,Santiago,12189,5815,6374,4569,4239,330,2.88,34.52,353.1,0.52,1.97,91.2
1,San José,104,Puriscal,Mercedes Sur,7056,3455,3601,2896,2539,357,2.78,181.77,38.8,1.68,3.0,95.9
1,San José,104,Puriscal,Barbacoas,5104,2448,2656,1877,1717,160,2.97,18.62,274.1,2.94,4.2,92.2
1,San José,104,Puriscal,Grifo Alto,1570,767,803,634,539,95,2.91,26.4,59.5,2.58,3.66,95.5
1,San José,104,Puriscal,San Rafael,2156,1036,1120,852,774,78,2.79,15.5,139.1,2.0,3.2,92.5
1,San José,104,Puriscal,Candelarita,1613,804,809,603,555,48,2.91,26.73,60.3,1.06,2.76,99.4
1,San José,104,Puriscal,Desamparaditos,907,451,456,361,319,42,2.84,7.22,125.6,2.81,3.49,98.9
1,San José,104,Puriscal,San Antonio,4908,2359,2549,1781,1667,114,2.94,14.62,335.7,2.12,3.39,92.5
1,San José,104,Puriscal,Chires,3022,1550,1472,1329,1089,240,2.78,229.66,13.2,-0.03,1.56,105.3
1,San José,105,Tarrazú,San Marcos,10674,5521,5153,4076,3414,662,3.11,46.02,231.9,0.6,1.59,107.1
1,San José,105,Tarrazú,San Lorenzo,4796,2552,2244,2261,1619,642,2.96,186.29,25.7,0.8,2.65,113.7
1,San José,105,Tarrazú,San Carlos,2340,1250,1090,994,745,249,3.14,58.96,39.7,1.93,4.15,114.7
1,San José,106,Aserrí,Aserrí,29112,14412,14700,9874,9156,718,3.18,15.26,1907.7,0.29,1.63,98.0
1,San José,106,Aserrí,Tarbaca,1848,936,912,684,593,91,3.12,15.34,120.5,2.23,3.33,102.6
1,San José,106,Aserrí,Vuelta de Jorco,7348,3641,3707,2667,2407,260,3.05,22.05,333.2,1.12,2.35,98.2
1,San José,106,Aserrí,San Gabriel,6302,3109,3193,2481,2015,466,3.13,11.73,537.3,0.35,2.75,97.4
1,San José,106,Aserrí,Legua,1549,774,775,574,489,85,3.17,81.26,19.1,0.17,1.11,99.9
1,San José,106,Aserrí,Monterrey,508,253,255,202,179,23,2.84,8.28,61.4,0.18,2.01,99.2
1,San José,106,Aserrí,Salitrillos,12921,6440,6481,4459,4125,334,3.13,14.34,901.0,-0.52,1.03,99.4
1,San José,107,Mora,Colón,17274,8325,8949,6454,5840,614,2.95,39.89,433.0,0.65,1.83,93.0
1,San José,107,Mora,Guayabo,5292,2565,2727,2003,1712,291,3.09,9.01,587.3,1.58,3.51,94.1
1,San José,107,Mora,Tabarcia,4793,2319,2474,1938,1646,292,2.91,40.43,118.6,0.17,1.97,93.7
1,San José,107,Mora,Piedras Negras,656,341,315,260,205,55,3.2,14.88,44.1,4.99,3.76,108.3
1,San José,107,Mora,Picagres,1111,554,557,443,396,47,2.81,27.16,40.9,4.53,4.33,99.5
1,San José,107,Mora,Jaris,1456,733,723,537,478,59,3.0,5.49,265.0,0,0,101.4
1,San José,107,Mora,Quitirrisí,1766,895,871,691,571,120,3.09,26.62,66.3,0,0,102.8
1,San José,108,Goicoechea,Guadalupe,20913,9791,11122,7066,6750,316,3.06,2.39,8750.2,0.11,0.24,88.0
1,San José,108,Goicoechea,San Francisco,2379,1122,1257,782,751,31,3.17,0.58,4101.7,1.43,1.36,89.3
1,San José,108,Goicoechea,Calle Blancos,16894,7800,9094,5876,5594,282,3.01,2.36,7158.5,-1.06,0.01,85.8
1,San José,108,Goicoechea,Mata de Plátano,22461,10565,11896,7519,7271,248,3.09,7.79,2883.3,2.34,3.2,88.8
1,San José,108,Goicoechea,Ipís,31762,15058,16704,10026,9740,286,3.26,2.5,12704.8,1.81,2.67,90.1
1,San José,108,Goicoechea,Rancho Redondo,3325,1568,1757,1072,1001,71,3.32,13.08,254.2,2.46,3.52,89.2
1,San José,108,Goicoechea,Purral,34370,16186,18184,11020,10159,861,3.38,3,11456.7,2.04,3.4,89.0
1,San José,109,Santa Ana,Santa Ana,13186,6641,6545,4821,4533,288,2.85,5.44,2423.9,1.39,1.66,101.5
1,San José,109,Santa Ana,Salitral,4626,2371,2255,1647,1537,110,3.01,20.29,228.0,0.66,2.55,105.1
1,San José,109,Santa Ana,Pozos,17516,8921,8595,6391,5794,597,3.02,13.35,1312.1,1.06,2.44,103.8
1,San José,109,Santa Ana,Uruca,9423,4773,4650,3328,3117,211,3.0,7.03,1340.4,2.45,3.29,102.6
1,San José,109,Santa Ana,Piedades,9393,4804,4589,3644,3273,371,2.86,12.07,778.2,1.31,3.04,104.7
1,San José,109,Santa Ana,Brasil,3876,1993,1883,1375,1294,81,3.0,3.24,1196.3,3.68,5.68,105.8
1,San José,110,Alajuelita,Alajuelita,12611,6070,6541,3912,3716,196,3.38,1.27,9929.9,0.46,1.47,92.8
1,San José,110,Alajuelita,San Josecito,9925,4762,5163,3050,2935,115,3.38,2.37,4187.8,-0.52,0.33,92.2
1,San José,110,Alajuelita,San Antonio,5164,2507,2657,1679,1527,152,3.37,10.27,502.8,0.78,1.61,94.4
1,San José,110,Alajuelita,Concepción,17269,8309,8960,5685,4870,815,3.55,2.43,7106.6,-0.73,0.98,92.7
1,San José,110,Alajuelita,San Felipe,36043,17328,18715,10682,9639,1043,3.74,5.13,7025.9,1.18,2.81,92.6
1,San José,111,Vásquez de Coronado,San Isidro,18377,8841,9536,6187,5918,269,3.08,5.16,3561.4,0.91,1.65,92.7
1,San José,111,Vásquez de Coronado,San Rafael,8005,3892,4113,2762,2514,248,3.17,16.91,473.4,1.17,2.91,94.6
1,San José,111,Vásquez de Coronado,Dulce Nombre de Jesús,11193,5482,5711,3765,3581,184,3.13,67.92,164.8,1.26,2.64,96.0
1,San José,111,Vásquez de Coronado,Patalillo,21161,10176,10985,7147,6896,251,3.07,1.92,11021.4,0.36,1.3,92.6
1,San José,111,Vásquez de Coronado,Cascajal,8342,4111,4231,2749,2594,155,3.2,132.02,63.2,1.95,2.96,97.2
1,San José,112,Acosta,San Ignacio,10318,4853,5465,3880,3519,361,2.92,22.74,453.7,1.23,3.15,88.8
1,San José,112,Acosta,Guaitil,2769,1387,1382,1136,956,180,2.9,43.99,62.9,1.28,2.45,100.4
1,San José,112,Acosta,Palmichal,5878,2769,3109,2211,2016,195,2.92,34.14,172.2,2.27,3.17,89.1
1,San José,112,Acosta,Cangrejal,1875,914,961,869,671,198,2.79,64.33,29.1,0,1.91,95.1
1,San José,112,Acosta,Sabanillas,1702,852,850,1042,683,359,2.49,177.36,9.6,-2.86,0.74,100.2
1,San José,113,Tibás,San Juan,25978,12492,13486,9575,9084,491,2.85,3.51,7401.1,1.62,2.26,92.6
1,San José,113,Tibás,Cinco Esquinas,5527,2727,2800,2212,1903,309,2.9,0.65,8503.1,-0.63,2.32,97.4
1,San José,113,Tibás,Anselmo Llorente,10521,5029,5492,4125,3708,417,2.83,1.38,7623.9,0.47,1.96,91.6
1,San José,113,Tibás,León XIII,17219,8461,8758,5545,5277,268,3.26,0.72,23915.3,2.1,4.2,96.6
1,San José,113,Tibás,Colima,15347,7331,8016,5584,5348,236,2.87,2.01,7635.3,1.15,2.43,91.5
1,San José,114,Moravia,San Vicente,29397,13112,16285,10704,10030,674,2.92,5.4,5443.9,-0.48,0.27,80.5
1,San José,114,Moravia,San Jerónimo,8002,3648,4354,2655,2522,133,3.17,18.52,432.1,2.39,3.09,83.8
1,San José,114,Moravia,La Trinidad,22147,10109,12038,7422,7066,356,3.13,4.9,4519.8,1.03,2.27,84.0
1,San José,115,Montes de Oca,San Pedro,23774,10997,12777,11053,9281,1772,2.55,4.74,5015.6,-0.08,1.24,86.1
1,San José,115,Montes de Oca,Sabanilla,11712,5309,6403,4950,4665,285,2.51,1.79,6543.0,0.76,2.4,82.9
1,San José,115,Montes de Oca,Mercedes,4189,1926,2263,1987,1744,243,2.4,1.43,2929.4,-1.02,0.35,85.1
1,San José,115,Montes de Oca,San Rafael,14187,6536,7651,5717,5376,341,2.64,7.82,1814.2,3.46,6.16,85.4
1,San José,116,Turrubares,San Pablo,1587,829,758,703.8038984474102,531,173,2.99,26.41,60.1,1.42,2.36,109.4
1,San José,116,Turrubares,San Pedro,806,428,378,412.9633024244698,274,139,2.94,39.2,20.6,2.01,2.07,113.2
1,San José,116,Turrubares,San Juan de Mata,1236,650,586,746.3708170302477,470,276,2.58,86.25,14.3,0.41,3.7,110.9
1,San José,116,Turrubares,San Luis,397,216,181,257.03703703703707,147,110,2.7,43.84,9.1,-2.4,-0.28,119.3
1,San José,116,Turrubares,Carara,2147,1169,978,988.824945060835,813,176,2.64,220.55,9.7,1.55,2.62,119.5
1,San José,117,Dota,Santa María,6030,3132,2898,2351,1929,422,3.11,93.6,64.4,2.42,3.2,108.1
1,San José,117,Dota,Jardín,843,445,398,468,284,184,2.97,33.27,25.3,4.32,2.77,111.8
1,San José,117,Dota,Copey,2491,1327,1164,1219,828,391,3.01,277.57,9.0,2.94,4.72,114.0
1,San José,118,Curridabat,Curridabat,30574,14721,15853,12064,10392,1672,2.94,6.16,4963.3,0.54,1.66,92.9
1,San José,118,Curridabat,Granadilla,17359,8498,8861,6597,6180,417,2.81,3.51,4945.6,1.46,3.74,95.9
1,San José,118,Curridabat,Sánchez,6942,3376,3566,2772,2510,262,2.76,4.51,1539.2,2.34,3.9,94.7
1,San José,118,Curridabat,Tirrases,16151,7872,8279,6021,4939,1082,3.27,1.88,8591.0,-0.05,2.86,95.1
1,San José,119,Pérez Zeledón,San Isidro de El General,45324,22766,22558,19321,16812,2509,2.68,191.82,236.3,-0.0,2.29,100.9
1,San José,119,Pérez Zeledón,El General,7282,3739,3543,3023,2600,423,2.79,76.88,94.7,1.21,3.5,105.5
1,San José,119,Pérez Zeledón,Daniel Flores,46344,24100,22244,16002,14717,1285,3.06,64.06,723.4,2.94,3.9,108.3
1,San José,119,Pérez Zeledón,Rivas,8032,4181,3851,3467,2864,603,2.8,310,25.9,1.8,3.53,108.6
1,San José,119,Pérez Zeledón,San Pedro,10844,5551,5293,4669,3918,751,2.76,206.12,52.6,1.59,3.34,104.9
1,San José,119,Pérez Zeledón,Platanares,6876,3581,3295,3088,2513,575,2.74,80.92,85.0,-0.42,2.32,108.7
1,San José,119,Pérez Zeledón,Pejibaye,6079,3117,2962,2582,2254,328,2.7,141.18,43.1,-2.49,-0.46,105.2
1,San José,119,Pérez Zeledón,Cajón,11026,5718,5308,4441,3993,448,2.76,118.63,92.9,2.32,3.94,107.7
1,San José,119,Pérez Zeledón,Barú,2897,1518,1379,1466,1000,466,2.9,189.66,15.3,1.74,2.82,110.1
1,San José,119,Pérez Zeledón,Río Nuevo,3941,2062,1879,1667,1414,253,2.79,242.19,16.3,2.3,4.39,109.7
1,San José,119,Pérez Zeledón,Páramo,5288,2746,2542,2260,1848,412,2.86,203.33,26.0,1.65,3.7,108.0
1,San José,119,Pérez Zeledón,La Amistad,2984,1564,1420,1291,1029,262,2.9,76.29,39.1,0,0,110.1
1,San José,120,León Cortés,San Pablo,4886,2313,2573,1804,1534,270,3.19,20.76,235.4,1.36,0.97,89.9
1,San José,120,León Cortés,San Andrés,1798,881,917,694,577,117,3.12,16.1,111.7,1.19,2.03,96.1
1,San José,120,León Cortés,Llano Bonito,1931,911,1020,947,670,277,2.88,34.1,56.6,-0.81,1.71,89.3
1,San José,120,León Cortés,San Isidro,1515,728,787,654,496,158,3.05,19.02,79.7,-0.1,2.77,92.5
1,San José,120,León Cortés,Santa Cruz,2246,1125,1121,848,691,157,3.25,21.78,103.1,2.72,2.22,100.4
1,San José,120,León Cortés,San Antonio,1177,571,606,454,385,69,3.06,10.14,116.1,0.57,2.11,94.2
2,Alajuela,201,Alajuela,Alajuela,44374,21077,23297,15391,14394,997,3.07,10.61,4182.3,0.29,0.77,90.5
2,Alajuela,201,Alajuela,San José,48510,23182,25328,16669,15696,973,3.09,14.87,3262.3,1.38,2.22,91.5
2,Alajuela,201,Alajuela,Carrizal,8288,4026,4262,2898,2622,276,3.16,16.22,511.0,1.72,3.35,94.5
2,Alajuela,201,Alajuela,San Antonio,24764,12031,12733,9248,8624,624,2.87,8.76,2826.9,-0.08,1.8,94.5
2,Alajuela,201,Alajuela,Guácima,30361,14936,15425,11136,10245,891,2.96,28.07,1081.6,3.71,5.78,96.8
2,Alajuela,201,Alajuela,San Isidro,19160,9373,9787,7032,6169,863,3.1,34.69,552.3,0.93,2.8,95.8
2,Alajuela,201,Alajuela,Sabanilla,11333,5524,5809,4652,3485,1167,3.25,43.18,262.5,2.04,4.94,95.1
2,Alajuela,201,Alajuela,San Rafael,54730,30509,24221,14773,14292,481,3.3,19.33,2831.4,6.68,6.74,126.0
2,Alajuela,201,Alajuela,Río Segundo,12812,6207,6605,4230,4067,163,3.14,5.46,2346.5,1.56,2.38,94.0
2,Alajuela,201,Alajuela,Desamparados,29782,14429,15353,10276,9973,303,2.99,12.95,2299.8,1.2,2.56,94.0
2,Alajuela,201,Alajuela,Turrúcares,9576,4715,4861,3502,3234,268,2.96,35.89,266.8,2.07,3.68,97.0
2,Alajuela,201,Alajuela,Tambor,15847,7664,8183,5947,5054,893,3.14,13.89,1140.9,3.33,5.61,93.7
2,Alajuela,201,Alajuela,Garita,9296,4544,4752,3391,3032,359,3.01,33.9,274.2,2.23,2.97,95.6
2,Alajuela,201,Alajuela,Sarapiquí,3310,1600,1710,1415,1081,334,3.05,113.79,29.1,1.39,2.42,93.6
2,Alajuela,202,San Ramón,San Ramón,7725,3682,4043,3135,2695,440,2.87,1.28,6035.2,-1.1,0.06,91.1
2,Alajuela,202,San Ramón,Santiago,6544,3317,3227,2378,2126,252,3.06,61.06,107.2,3.33,4.86,102.8
2,Alajuela,202,San Ramón,San Juan,14956,7368,7588,5213,4822,391,3.09,5.12,2921.1,2.24,3.3,97.1
2,Alajuela,202,San Ramón,Piedades Norte,6491,3158,3333,2541,2206,335,2.94,47.68,136.1,-2.07,-0.44,94.7
2,Alajuela,202,San Ramón,Piedades Sur,4187,2102,2085,1878,1457,421,2.87,115.63,36.2,1.03,2.67,100.8
2,Alajuela,202,San Ramón,San Rafael,10328,5150,5178,3793,3476,317,2.97,30.69,336.5,0.93,2.16,99.5
2,Alajuela,202,San Ramón,San Isidro,5621,2820,2801,2008,1873,135,3.0,8.69,646.8,2.07,3.62,100.7
2,Alajuela,202,San Ramón,Ángeles,5350,2684,2666,1934,1771,163,3.02,84.91,63.0,-4.21,-3.96,100.7
2,Alajuela,202,San Ramón,Alfaro,8512,4231,4281,3367,2793,574,3.05,17.84,477.1,1.6,3.41,98.8
2,Alajuela,202,San Ramón,Volio,3739,1838,1901,1331,1216,115,3.07,20.67,180.9,4.54,5.99,96.7
2,Alajuela,202,San Ramón,Concepción,3067,1520,1547,1068,1017,51,3.02,9.51,322.5,2.43,3.62,98.3
2,Alajuela,202,San Ramón,Zapotal,641,329,312,267,251,16,2.55,67.13,9.5,4.49,1.8,105.4
2,Alajuela,202,San Ramón,Peñas Blancas,11460,5794,5666,5143,3995,1148,2.87,246.8,46.4,1.91,3.76,102.3
2,Alajuela,202,San Ramón,San Lorenzo,4643,2328,2315,2360,1548,812,3,304.74,15.2,0,0,100.6
2,Alajuela,203,Grecia,Grecia,14244,6727,7517,5130,4906,224,2.9,7.57,1881.6,-0.38,0.39,89.5
2,Alajuela,203,Grecia,San Isidro,6844,3335,3509,2410,2287,123,2.99,16.83,406.7,1.27,2.55,95.0
2,Alajuela,203,Grecia,San José,8333,4076,4257,3043,2687,356,3.1,12.41,671.5,0.26,2.03,95.7
2,Alajuela,203,Grecia,San Roque,13154,6384,6770,4560,4291,269,3.04,26.95,488.1,1.52,2.61,94.3
2,Alajuela,203,Grecia,Tacares,10125,4921,5204,3428,3266,162,3.1,24.9,406.6,2.18,3.86,94.6
2,Alajuela,203,Grecia,Puente de Piedra,13810,6714,7096,4762,4507,255,3.06,23.03,599.7,2.44,3.91,94.6
2,Alajuela,203,Grecia,Bolívar,9716,4691,5025,3413,3192,221,3.04,30.78,315.7,2.64,3.74,93.4
2,Alajuela,204,San Mateo,San Mateo,2679,1429,1250,1598,870,728,3.08,64.89,41.3,-0.04,2.87,114.3
2,Alajuela,204,San Mateo,Desmonte,1003,530,473,464,336,128,2.99,20.22,49.6,-0.39,3.43,112.1
2,Alajuela,204,San Mateo,Jesús María,1487,788,699,711,467,244,3.18,18.66,79.7,-4.34,-2.89,112.7
2,Alajuela,204,San Mateo,Labrador,1783,944,839,1041,603,438,2.96,21.26,83.9,0,0,112.5
2,Alajuela,205,Atenas,Atenas,7818,3739,4079,2847,2614,233,2.96,9.76,801.0,0.32,1.47,91.7
2,Alajuela,205,Atenas,Jesús,4371,2134,2237,1618,1470,148,2.97,18.11,241.4,1.69,2.09,95.4
2,Alajuela,205,Atenas,Mercedes,3890,1926,1964,1457,1283,174,3.0,7.84,496.2,1.98,2.46,98.1
2,Alajuela,205,Atenas,San Isidro,3342,1655,1687,1224,1105,119,3.02,14.39,232.2,1.57,2.82,98.1
2,Alajuela,205,Atenas,Concepción,5031,2423,2608,1687,1580,107,3.03,21.91,229.6,3.37,2.7,92.9
2,Alajuela,205,Atenas,San José,2485,1209,1276,917,829,88,3.0,13.47,184.5,2.25,2.81,94.7
2,Alajuela,205,Atenas,Santa Eulalia,2626,1274,1352,1073,912,161,2.88,14.56,180.4,2.11,3.79,94.2
2,Alajuela,205,Atenas,Escobal,844,428,416,434,293,141,2.88,26.28,32.1,-0.04,2.19,102.9
2,Alajuela,206,Naranjo,Naranjo,16433,7913,8520,5669,5183,486,3.16,16.85,975.3,0.28,1.48,92.9
2,Alajuela,206,Naranjo,San Miguel,5444,2689,2755,1786,1621,165,3.36,15.59,349.2,1.42,2.47,97.6
2,Alajuela,206,Naranjo,San José,3206,1614,1592,1213,1024,189,3.13,20.9,153.4,0.13,1.57,101.4
2,Alajuela,206,Naranjo,Cirrí Sur,5125,2513,2612,1858,1645,213,3.11,32.11,159.6,1.08,2.17,96.2
2,Alajuela,206,Naranjo,San Jerónimo,3983,1959,2024,1378,1235,143,3.23,9.05,440.1,1.81,3.33,96.8
2,Alajuela,206,Naranjo,San Juan,3448,1704,1744,1173,1102,71,3.13,7.15,482.2,0.93,2.23,97.7
2,Alajuela,206,Naranjo,El Rosario,4125,2042,2083,1405,1252,153,3.28,17.15,240.5,0.85,2.73,98.0
2,Alajuela,206,Naranjo,Palmitos,4883,2405,2478,1647,1532,115,3.19,8.23,593.3,1.22,2.26,97.1
2,Alajuela,207,Palmares,Palmares,2940,1359,1581,1112,1019,93,2.89,1.19,2470.6,-1.84,-0.42,86.0
2,Alajuela,207,Palmares,Zaragoza,10453,5089,5364,3502,3349,153,3.12,8.43,1240.0,2.19,3.38,94.9
2,Alajuela,207,Palmares,Buenos Aires,8034,3865,4169,2841,2604,237,3.09,6.84,1174.6,0.63,1.95,92.7
2,Alajuela,207,Palmares,Santiago,3104,1510,1594,1010,967,43,3.2,7.97,389.5,1.14,2.16,94.7
2,Alajuela,207,Palmares,Candelaria,2217,1072,1145,772,721,51,3.07,4.72,469.7,1.12,2.19,93.6
2,Alajuela,207,Palmares,Esquipulas,7813,3722,4091,2546,2379,167,3.28,5.4,1446.9,1.55,3.04,91.0
2,Alajuela,207,Palmares,La Granja,4587,2207,2380,1535,1414,121,3.2,4.39,1044.9,0.98,2.45,92.7
2,Alajuela,208,Poás,San Pedro,9322,4654,4668,3073,2949,124,3.16,13.58,686.5,1.91,2.56,99.7
2,Alajuela,208,Poás,San Juan,5113,2577,2536,2035,1536,499,3.33,16.38,312.1,0.89,3.56,101.6
2,Alajuela,208,Poás,San Rafael,7421,3769,3652,2398,2188,210,3.39,14.18,523.3,2.83,3.74,103.2
2,Alajuela,208,Poás,Carrillos,10399,5221,5178,3289,3184,105,3.27,10.13,1026.6,1.09,2.24,100.8
2,Alajuela,208,Poás,Sabana Redonda,3952,1961,1991,1350,1141,209,3.46,20.21,195.5,4.75,5.44,98.5
2,Alajuela,209,Orotina,Orotina,10880,5432,5448,4323,3408,915,3.17,21.56,504.6,1.08,2.27,99.7
2,Alajuela,209,Orotina,El Mastate,2180,1102,1078,822,708,114,3.08,9.5,229.5,1.64,2.08,102.2
2,Alajuela,209,Orotina,Hacienda Vieja,1169,588,581,560,389,171,3.01,16.91,69.1,1.22,2.64,101.2
2,Alajuela,209,Orotina,Coyolar,7581,3887,3694,3253,2496,757,3.04,36.48,207.8,2.26,3.83,105.2
2,Alajuela,209,Orotina,La Ceiba,2407,1243,1164,1178,809,369,2.98,60.66,39.7,2.05,3.69,106.8
2,Alajuela,210,San Carlos,Quesada,46975,23494,23481,15961,14885,1076,3.15,143.48,327.4,1.0,1.74,100.1
2,Alajuela,210,San Carlos,Florencia,19587,10044,9543,7062,6118,944,3.19,199.66,98.1,2.34,3.32,105.2
2,Alajuela,210,San Carlos,Buenavista,517,267,250,200,172,28,3.01,25.97,19.9,4.22,5.19,106.8
2,Alajuela,210,San Carlos,Aguas Zarcas,26564,13525,13039,9317,8231,1086,3.23,185.7,143.0,2.47,3.91,103.7
2,Alajuela,210,San Carlos,Venecia,11695,6006,5689,4139,3542,597,3.3,132.53,88.2,1.76,3.21,105.6
2,Alajuela,210,San Carlos,Pital,20259,10517,9742,7767,6259,1508,3.24,379.27,53.4,1.43,4.0,108.0
2,Alajuela,210,San Carlos,La Fortuna,16150,8265,7885,6779,5713,1066,2.82,229.59,70.3,0.44,3.06,104.8
2,Alajuela,210,San Carlos,La Tigra,8984,4632,4352,3422,2782,640,3.23,56.21,159.8,3.12,4.77,106.4
2,Alajuela,210,San Carlos,La Palmera,11929,6400,5529,3878,3577,301,3.2,100.36,118.9,5.77,6.89,115.8
2,Alajuela,210,San Carlos,Venado,1986,1044,942,852,693,159,2.87,169.19,11.7,1.13,2.43,110.8
2,Alajuela,210,San Carlos,Cutris,11323,5900,5423,4163,3524,639,3.21,849.1,13.3,0.83,2.18,108.8
2,Alajuela,210,San Carlos,Monterrey,3860,2016,1844,1562,1235,327,3.13,220.59,17.5,1.01,3.1,109.3
2,Alajuela,210,San Carlos,Pocosol,18913,9737,9176,7156,6078,1078,3.11,660.49,28.6,1.87,3.99,106.1
2,Alajuela,211,Zarcero,Zarcero,4755,2242,2513,1657,1482,175,3.15,11.83,401.9,1.56,2.64,89.2
2,Alajuela,211,Zarcero,Laguna,2044,947,1097,690,662,28,3.09,23.28,87.8,1.82,2.89,86.3
2,Alajuela,211,Zarcero,Tapezco,1674,808,866,530,506,24,3.31,6.39,262.0,2.26,3.62,93.3
2,Alajuela,211,Zarcero,Guadalupe,1472,723,749,491,450,41,3.27,22.58,65.2,2.26,3.48,96.5
2,Alajuela,211,Zarcero,Palmira,1584,762,822,492,484,8,3.27,30.67,51.6,1.56,2.07,92.7
2,Alajuela,211,Zarcero,Zapote,1022,513,509,336,317,19,3.22,44.76,22.8,2.95,3.97,100.8
2,Alajuela,211,Zarcero,Brisas,2602,1266,1336,821,794,27,3.28,17.85,145.8,2.39,3.53,94.8
2,Alajuela,212,Sarchí,Sarchí Norte,8306,4185,4121,2977,2761,216,3.01,21.14,392.9,1.38,2.66,101.6
2,Alajuela,212,Sarchí,Sarchí Sur,5761,2906,2855,2188,1825,363,3.16,6.35,907.2,1.03,3.16,101.8
2,Alajuela,212,Sarchí,Toro Amarillo,348,196,152,119,119,0,2.92,91.13,3.8,2.21,-3.4,128.9
2,Alajuela,212,Sarchí,San Pedro,4136,2128,2008,1556,1297,259,3.19,10.87,380.5,1.76,3.74,106.0
2,Alajuela,212,Sarchí,Rodríguez,3011,1527,1484,1068,964,104,3.12,7.28,413.6,3.19,4.53,102.9
2,Alajuela,213,Upala,Upala,14154,7377,6777,5082,4281,801,3.31,148.65,95.2,-1.19,0.37,108.9
2,Alajuela,213,Upala,Aguas Claras,5648,2980,2668,2134,1778,356,3.18,408.54,13.8,1.22,2.1,111.7
2,Alajuela,213,Upala,San José o Pizote,11094,5787,5307,3766,3433,333,3.23,285.43,38.9,3.74,5.54,109.0
2,Alajuela,213,Upala,Bijagua,5476,2904,2572,2192,1759,433,3.08,186.8,29.3,1.71,2.33,112.9
2,Alajuela,213,Upala,Delicias,7071,3705,3366,2303,2101,202,3.37,98.52,71.8,4.14,6.52,110.1
2,Alajuela,213,Upala,Dos Ríos,4697,2465,2232,1651,1518,133,3.09,218.67,21.5,3.51,4.77,110.4
2,Alajuela,213,Upala,Yolillal,4145,2169,1976,1466,1201,265,3.45,139.62,29.7,2.05,4.7,109.8
2,Alajuela,213,Upala,Canalete,5076,2673,2403,1903,1611,292,3.15,106.45,47.7,0,0,111.2
2,Alajuela,214,Los Chiles,Los Chiles,20546,10876,9670,6903,6454,449,3.18,503.6,40.8,3.98,5.3,112.5
2,Alajuela,214,Los Chiles,Caño Negro,2341,1242,1099,946,712,234,3.29,301.27,7.8,2.35,3.41,113.0
2,Alajuela,214,Los Chiles,El Amparo,7841,4138,3703,2850,2251,599,3.48,312.89,25.1,2.44,4.25,111.7
2,Alajuela,214,Los Chiles,San Jorge,3973,2154,1819,1344,1108,236,3.59,214.95,18.5,3.6,3.78,118.4
2,Alajuela,215,Guatuso,San Rafael,8728,4528,4200,3453,2789,664,3.12,303.99,28.7,0.86,2.75,107.8
2,Alajuela,215,Guatuso,Buenavista,1998,1064,934,779,635,144,3.15,150.86,13.2,2.17,3.0,113.9
2,Alajuela,215,Guatuso,Cote,1083,581,502,475,362,113,2.99,183.58,5.9,2.02,1.45,115.7
2,Alajuela,215,Guatuso,Katira,6507,3424,3083,2481,2116,365,3.08,114.4,56.9,2.17,3.07,111.1
2,Alajuela,216,Río Cuarto,Río Cuarto,4562,2382,2180,1487,1284,203,3.55,97.62,46.7,0,-7.1,109.3
2,Alajuela,216,Río Cuarto,Santa Rita,5790,3093,2697,1828,1554,274,3.73,53.19,108.9,0,0,114.7
2,Alajuela,216,Río Cuarto,Santa Isabel,4066,2163,1903,1373,1175,198,3.46,104.09,39.1,0,0,113.7
3,Cartago,301,Cartago,Oriental,11079,5327,5752,3981,3589,392,3.09,2.04,5430.9,-0.9,0.14,92.6
3,Cartago,301,Cartago,Occidental,10674,5141,5533,3396,3170,226,3.31,2.01,5310.4,0.68,1.19,92.9
3,Cartago,301,Cartago,Carmen,19265,9338,9927,6052,5693,359,3.38,4.33,4449.2,0.91,1.94,94.1
3,Cartago,301,Cartago,San Nicolás,28544,13838,14706,9140,8473,667,3.37,29.23,976.5,0.87,2.44,94.1
3,Cartago,301,Cartago,Aguacaliente o San Francisco,32351,15975,16376,10117,9174,943,3.48,99.26,325.9,0.16,1.85,97.6
3,Cartago,301,Cartago,Guadalupe o Arenilla,14182,6902,7280,4586,4276,310,3.3,13.16,1077.7,-0.28,1.07,94.8
3,Cartago,301,Cartago,Corralillo,13153,6510,6643,4266,3954,312,3.33,32.69,402.4,1.92,2.81,98.0
3,Cartago,301,Cartago,Tierra Blanca,4635,2282,2353,1468,1264,204,3.67,12.8,362.1,-0.87,2.34,97.0
3,Cartago,301,Cartago,Dulce Nombre,16559,8020,8539,5248,4995,253,3.31,33.64,492.2,4.1,4.55,93.9
3,Cartago,301,Cartago,Llano Grande,4859,2444,2415,1623,1393,230,3.49,30.35,160.1,1.02,3.74,101.2
3,Cartago,301,Cartago,Quebradilla,10116,4955,5161,3775,3276,499,3.07,19.15,528.3,5.79,8.35,96.0
3,Cartago,302,Paraíso,Paraíso,25295,12282,13013,7861,7474,387,3.37,27.17,931.0,1.87,2.66,94.4
3,Cartago,302,Paraíso,Santiago,6682,3360,3322,2359,1945,414,3.44,25.64,260.6,1.71,2.95,101.1
3,Cartago,302,Paraíso,Orosi,9340,4640,4700,3470,2709,761,3.45,376.54,24.8,0.25,2.22,98.7
3,Cartago,302,Paraíso,Cachí,6906,3423,3483,2128,2018,110,3.42,41.11,168.0,2.17,3.12,98.3
3,Cartago,302,Paraíso,Llanos de Santa Lucía,17718,8636,9082,5130,4923,207,3.6,6.54,2709.2,0.33,1.97,95.1
3,Cartago,303,La Unión,Tres Ríos,7480,3668,3812,2552,2407,145,3.11,2.28,3280.7,-2.01,-0.63,96.2
3,Cartago,303,La Unión,San Diego,22714,11268,11446,7244,6956,288,3.26,8.08,2811.1,0.45,1.5,98.4
3,Cartago,303,La Unión,San Juan,13956,6874,7082,4949,4719,230,2.96,3.95,3533.2,0.15,0.72,97.1
3,Cartago,303,La Unión,San Rafael,14201,7053,7148,4612,4463,149,3.18,9.5,1494.8,-0.03,1.45,98.7
3,Cartago,303,La Unión,Concepción,17755,8838,8917,5990,5552,438,3.2,3.79,4684.7,0.66,2.0,99.1
3,Cartago,303,La Unión,Dulce Nombre,7177,3541,3636,2141,2118,23,3.39,8.26,868.9,-0.86,0.68,97.4
3,Cartago,303,La Unión,San Ramón,4639,2295,2344,1614,1457,157,3.18,3.47,1336.9,1.23,2.65,97.9
3,Cartago,303,La Unión,Río Azul,11617,5815,5802,3725,3563,162,3.26,4.85,2395.3,-0.3,0.99,100.2
3,Cartago,304,Jiménez,Juan Viñas,8433,4187,4246,3046,2754,292,3.06,43.37,194.4,2.29,3.7,98.6
3,Cartago,304,Jiménez,Tucurrique,5595,2740,2855,2167,1792,375,3.12,33.5,167.0,1.26,2.59,96.0
3,Cartago,304,Jiménez,Pejibaye,4682,2281,2401,1925,1494,431,3.13,173.2,27.0,3.33,4.87,95.0
3,Cartago,305,Turrialba,Turrialba,29620,14620,15000,11399,10590,809,2.79,56.63,523.0,0.95,2.4,97.5
3,Cartago,305,Turrialba,La Suiza,8821,4369,4452,3617,3149,468,2.8,160.93,54.8,1.37,3.14,98.1
3,Cartago,305,Turrialba,Peralta,751,418,333,358,285,73,2.64,9.69,77.5,3.5,3.52,125.5
3,Cartago,305,Turrialba,Santa Cruz,4813,2510,2303,2227,1761,466,2.73,129.57,37.1,3.69,5.2,109.0
3,Cartago,305,Turrialba,Santa Teresita,6121,3052,3069,2610,2233,377,2.74,60.14,101.8,2.32,3.38,99.4
3,Cartago,305,Turrialba,Pavones,5453,2729,2724,2322,1918,404,2.83,42.05,129.7,2.09,4.46,100.2
3,Cartago,305,Turrialba,Tuis,3248,1629,1619,1432,1196,236,2.72,39.2,82.9,1.23,2.72,100.6
3,Cartago,305,Turrialba,Tayutic,3152,1601,1551,1371,1118,253,2.82,74.77,42.2,2.58,3.86,103.2
3,Cartago,305,Turrialba,Santa Rosa,5953,2945,3008,2275,2114,161,2.82,18.62,319.7,1.17,1.88,97.9
3,Cartago,305,Turrialba,Tres Equis,2386,1226,1160,977,848,129,2.81,36.95,64.6,2.52,3.87,105.7
3,Cartago,305,Turrialba,La Isabel,6649,3274,3375,2543,2325,218,2.86,19.79,336.0,0.76,2.8,97.0
3,Cartago,305,Turrialba,Chirripó,5098,2532,2566,1863,1668,195,3.06,940.9,5.4,1.79,6.99,98.7
3,Cartago,306,Alvarado,Pacayas,6257,3115,3142,1950,1808,142,3.46,29.62,211.2,0.96,2.23,99.1
3,Cartago,306,Alvarado,Cervantes,8273,4091,4182,2680,2385,295,3.47,15.18,545.0,2.58,3.92,97.8
3,Cartago,306,Alvarado,Capellades,2604,1342,1262,855,781,74,3.33,34.39,75.7,0.54,1.45,106.3
3,Cartago,307,Oreamuno,San Rafael,28424,13672,14752,8798,8234,564,3.45,10.28,2765.0,0.38,1.54,92.7
3,Cartago,307,Oreamuno,Cot,10739,5259,5480,2972,2793,179,3.84,14.86,722.7,0.99,2.56,96.0
3,Cartago,307,Oreamuno,Potrero Cerrado,2402,1199,1203,733,650,83,3.7,18.11,132.6,0.47,1.71,99.7
3,Cartago,307,Oreamuno,Cipreses,4287,2122,2165,1252,1174,78,3.65,9.37,457.5,1.34,2.37,98.0
3,Cartago,307,Oreamuno,Santa Rosa,3059,1524,1535,846,824,22,3.71,150.27,20.4,1.43,2.11,99.3
3,Cartago,308,El Guarco,El Tejar,27582,13423,14159,8623,8100,523,3.35,6.12,4506.9,0.9,1.96,94.8
3,Cartago,308,El Guarco,San Isidro,11660,5723,5937,4484,3747,737,3.11,134.88,86.4,1.55,3.6,96.4
3,Cartago,308,El Guarco,Tobosi,7645,3825,3820,2355,2243,112,3.41,20.06,381.1,1.38,2.89,100.1
3,Cartago,308,El Guarco,Patio de Agua,488,240,248,164,145,19,3.37,10.94,44.6,1.54,1.9,96.8
4,Heredia,401,Heredia,Heredia,16686,7923,8763,6180,5747,433,2.89,2.86,5834.3,-1.03,-0.55,90.4
4,Heredia,401,Heredia,Mercedes,29612,14045,15567,10267,9813,454,3.02,4.15,7135.4,1.27,2.2,90.2
4,Heredia,401,Heredia,San Francisco,48804,23225,25579,16111,15675,436,3.11,6.56,7439.6,-0.08,1.5,90.8
4,Heredia,401,Heredia,Ulloa,36027,17317,18710,12499,11668,831,3.09,11.38,3165.8,1.89,3.32,92.6
4,Heredia,401,Heredia,Varablanca,772,381,391,344,257,87,3,258.17,3.0,0.89,1.21,97.4
4,Heredia,402,Barva,Barva,4419,2103,2316,1524,1445,79,3.06,0.84,5260.7,-1.12,0.27,90.8
4,Heredia,402,Barva,San Pedro,12603,5920,6683,4335,4053,282,3.11,7.17,1757.7,2.17,3.85,88.6
4,Heredia,402,Barva,San Pablo,9537,4503,5034,3204,3034,170,3.14,6.83,1396.3,1.24,2.75,89.5
4,Heredia,402,Barva,San Roque,6012,2852,3160,1963,1924,39,3.12,1.28,4696.9,2.39,3.0,90.3
4,Heredia,402,Barva,Santa Lucía,9035,4227,4808,3147,2884,263,3.13,2.86,3159.1,1.8,3.07,87.9
4,Heredia,402,Barva,San José de la Montaña,6093,2896,3197,2195,2061,134,2.95,37.04,164.5,1.14,1.63,90.6
4,Heredia,403,Santo Domingo,Santo Domingo,4052,1971,2081,1424,1385,39,2.93,0.78,5194.9,-1.41,-1.1,94.7
4,Heredia,403,Santo Domingo,San Vicente,7073,3436,3637,2317,2288,29,3.07,2.88,2455.9,0.87,1.28,94.5
4,Heredia,403,Santo Domingo,San Miguel,8038,3988,4050,2756,2583,173,3.11,5.9,1362.4,2.12,3.55,98.5
4,Heredia,403,Santo Domingo,Paracito,2567,1259,1308,837,770,67,3.33,1.27,2021.3,1.28,2.28,96.3
4,Heredia,403,Santo Domingo,Santo Tomás,7440,3703,3737,2534,2432,102,3.06,3.54,2101.7,1.56,2.11,99.1
4,Heredia,403,Santo Domingo,Santa Rosa,7819,3856,3963,2778,2445,333,3.2,4.27,1831.1,0.66,2.5,97.3
4,Heredia,403,Santo Domingo,Tures,4895,2404,2491,1573,1546,27,3.17,3.89,1258.4,3.18,4.06,96.5
4,Heredia,403,Santo Domingo,Pará,4048,2004,2044,1360,1270,90,3.19,2.87,1410.5,1.77,2.66,98.0
4,Heredia,404,Santa Bárbara,Santa Bárbara,5130,2521,2609,1852,1745,107,2.94,1.28,4007.8,-1.34,0.11,96.6
4,Heredia,404,Santa Bárbara,San Pedro,5158,2582,2576,1796,1740,56,2.96,2.56,2014.8,-0.72,0.48,100.2
4,Heredia,404,Santa Bárbara,San Juan,8707,4315,4392,2833,2767,66,3.15,4.48,1943.5,1.16,1.99,98.2
4,Heredia,404,Santa Bárbara,Jesús,10729,5387,5342,3551,3323,228,3.22,11.15,962.2,1.01,2.46,100.8
4,Heredia,404,Santa Bárbara,Santo Domingo,3308,1657,1651,1306,1028,278,3.22,26.49,124.9,1.26,2.77,100.4
4,Heredia,404,Santa Bárbara,Purabá,6101,3071,3030,2102,1849,253,3.3,6.14,993.6,2.62,3.93,101.4
4,Heredia,405,San Rafael,San Rafael,8981,4401,4580,2941,2832,109,3.17,1.33,6752.6,-0.67,0.1,96.1
4,Heredia,405,San Rafael,San Josecito,10607,5231,5376,3798,3387,411,3.13,1.35,7857.0,-0.8,1.03,97.3
4,Heredia,405,San Rafael,Santiago,8048,3944,4104,2792,2665,127,3.02,1.57,5126.1,-0.4,1.11,96.1
4,Heredia,405,San Rafael,Ángeles,12556,6200,6356,4341,4042,299,3.1,21.24,591.1,1.86,2.33,97.5
4,Heredia,405,San Rafael,Concepción,8656,4290,4366,2903,2723,180,3.18,22.82,379.3,3.22,3.63,98.3
4,Heredia,406,San Isidro,San Isidro,6965,3692,3273,2336,2206,130,3.13,2.67,2608.6,1.19,2.53,112.8
4,Heredia,406,San Isidro,San José,7922,4071,3851,2681,2486,195,3.14,11.37,696.7,0.56,1.65,105.7
4,Heredia,406,San Isidro,Concepción,3147,1498,1649,1107,1064,43,2.96,8.07,390.0,1.61,2.21,90.8
4,Heredia,406,San Isidro,San Francisco,4772,2263,2509,1570,1523,47,3.13,4.56,1046.5,0.66,1.78,90.2
4,Heredia,407,Belén,San Antonio,11784,5611,6173,3951,3746,205,3.15,3.56,3310.1,1.55,3.06,90.9
4,Heredia,407,Belén,La Ribera,7694,3646,4048,2482,2314,168,3.32,4.26,1806.1,2.2,2.9,90.1
4,Heredia,407,Belén,La Asunción,4281,2058,2223,1783,1650,133,2.59,4.56,938.8,-2.52,-0.74,92.6
4,Heredia,408,Flores,San Joaquín,7805,3911,3894,2700,2537,163,3.08,2.75,2838.2,0.77,1.35,100.4
4,Heredia,408,Flores,Barrantes,5382,2718,2664,1814,1776,38,3.03,2.14,2515.0,2.49,2.91,102.0
4,Heredia,408,Flores,Llorente,8839,4438,4401,2953,2887,66,3.06,1.86,4752.2,0.07,1.47,100.8
4,Heredia,409,San Pablo,San Pablo,19581,9617,9964,6870,6488,382,3.01,5.93,3302.0,0.08,1.29,96.5
4,Heredia,409,San Pablo,Rincón de Sabanilla,10279,5088,5191,3570,3418,152,2.98,2.41,4265.1,1.99,2.75,98.0
4,Heredia,410,Sarapiquí,Puerto Viejo,23246,12117,11129,8505,7076,1429,3.28,428.52,54.2,1.28,3.13,108.9
4,Heredia,410,Sarapiquí,La Virgen,13071,6783,6288,5656,4169,1487,3.13,514.19,25.4,1.97,3.12,107.9
4,Heredia,410,Sarapiquí,Las Horquetas,27950,14411,13539,12083,9036,3047,3.09,564.59,49.5,1.26,3.36,106.4
4,Heredia,410,Sarapiquí,Llanuras del Gaspar,1355,722,633,517,414,103,3.27,267.22,5.1,1.41,2.26,114.1
4,Heredia,410,Sarapiquí,Cureña,1531,851,680,607,461,146,3.32,369.7,4.1,4.33,5.4,125.1
5,Guanacaste,501,Liberia,Liberia,65922,33059,32863,22282,19024,3258,3.41,563.02,117.1,1.92,3.24,100.6
5,Guanacaste,501,Liberia,Cañas Dulces,4487,2274,2213,1551,1408,143,3.19,243.41,18.4,2.99,4.26,102.8
5,Guanacaste,501,Liberia,Mayorga,2360,1175,1185,800,665,135,3.55,227.51,10.4,3.54,4.66,99.2
5,Guanacaste,501,Liberia,Nacascolo,3902,1932,1970,1227,1144,83,3.41,326.91,11.9,5.01,4.17,98.1
5,Guanacaste,501,Liberia,Curubandé,3459,1748,1711,1318,1048,270,3.3,81.32,42.5,2.85,4.15,102.2
5,Guanacaste,502,Nicoya,Nicoya,33316,17205,16111,12223,10769,1454,3.09,310.66,107.2,2.67,3.61,106.8
5,Guanacaste,502,Nicoya,Mansión,6398,3291,3107,2553,2198,355,2.91,212.15,30.2,1.02,2.31,105.9
5,Guanacaste,502,Nicoya,San Antonio,8031,4124,3907,3554,2719,835,2.95,339.5,23.7,1.73,3.21,105.6
5,Guanacaste,502,Nicoya,Quebrada Honda,3264,1686,1578,1271,1078,193,3.03,109.17,29.9,2.34,3.02,106.8
5,Guanacaste,502,Nicoya,Sámara,3536,1856,1680,1909,1219,690,2.9,109.36,32.3,0.06,1.22,110.5
5,Guanacaste,502,Nicoya,Nosara,9412,4934,4478,3941,3419,522,2.75,133.65,70.4,5.91,5.39,110.2
5,Guanacaste,502,Nicoya,Belén de Nosarita,2311,1211,1100,1058,797,261,2.9,123.07,18.8,-1.37,1.65,110.1
5,Guanacaste,503,Santa Cruz,Santa Cruz,29634,15151,14483,12838,9910,2928,2.99,288.92,102.6,2.9,5.57,104.6
5,Guanacaste,503,Santa Cruz,Bolsón,2378,1279,1099,930,806,124,2.95,32.28,73.7,3.45,4.98,116.4
5,Guanacaste,503,Santa Cruz,Veintisiete de Abril,9308,4858,4450,4850,3626,1224,2.57,303,30.7,2.53,4.64,109.2
5,Guanacaste,503,Santa Cruz,Tempate,8136,4240,3896,4277,3196,1081,2.55,139.69,58.2,3.35,3.59,108.8
5,Guanacaste,503,Santa Cruz,Cartagena,5683,2960,2723,2358,2008,350,2.83,72.9,78.0,3.6,5.55,108.7
5,Guanacaste,503,Santa Cruz,Cuajiniquil,1171,626,545,1192,404,788,2.9,218,5.4,-3.85,3.21,114.9
5,Guanacaste,503,Santa Cruz,Diriá,5148,2605,2543,2315,1715,600,3.0,66.22,77.7,2.51,4.66,102.4
5,Guanacaste,503,Santa Cruz,Cabo Velas,3776,1947,1829,1951,1302,649,2.9,73.7,51.2,1.06,-0.74,106.5
5,Guanacaste,503,Santa Cruz,Tamarindo,7132,3727,3405,3377,2459,918,2.9,126.09,56.6,1.02,-1.13,109.5
5,Guanacaste,504,Bagaces,Bagaces,15858,8424,7434,5711,4888,823,3.24,889.07,17.8,2.26,3.11,113.3
5,Guanacaste,504,Bagaces,La Fortuna,2310,1235,1075,1041,806,235,2.87,163.47,14.1,-1.6,1.56,114.9
5,Guanacaste,504,Bagaces,Mogote,4337,2328,2009,1559,1435,124,3.02,181.77,23.9,2.22,2.33,115.9
5,Guanacaste,504,Bagaces,Río Naranjo,1204,615,589,487,416,71,2.89,43.62,27.6,1.55,2.04,104.4
5,Guanacaste,505,Carrillo,Filadelfia,8677,4345,4332,3287,2655,632,3.27,125.24,69.3,0.79,3.44,100.3
5,Guanacaste,505,Carrillo,Palmira,6791,3380,3411,2532,2050,482,3.31,31.46,215.9,2.06,4.17,99.1
5,Guanacaste,505,Carrillo,Sardinal,21099,11020,10079,10130,6518,3612,3.24,260.17,81.1,3.16,2.01,109.3
5,Guanacaste,505,Carrillo,Belén,11660,5833,5827,4602,3470,1132,3.36,182.14,64.0,2.52,5.3,100.1
5,Guanacaste,506,Cañas,Cañas,23624,11849,11775,7948,7017,931,3.36,193.09,122.3,1.15,2.43,100.6
5,Guanacaste,506,Cañas,Palmira,1802,940,862,618,524,94,3.44,204.03,8.8,5.46,3.47,109.0
5,Guanacaste,506,Cañas,San Miguel,2690,1428,1262,898,812,86,3.31,120.95,22.2,4.48,3.99,113.2
5,Guanacaste,506,Cañas,Bebedero,2760,1448,1312,856,776,80,3.56,58.06,47.5,2.55,3.6,110.4
5,Guanacaste,506,Cañas,Porozal,862,434,428,275,259,16,3.33,110.91,7.8,2.3,2.07,101.4
5,Guanacaste,507,Abangares,Las Juntas,11335,5799,5536,4302,3763,539,3.0,228.71,49.6,1.62,2.62,104.8
5,Guanacaste,507,Abangares,Sierra,2687,1388,1299,1271,925,346,2.9,112,24.0,1.21,3.03,106.9
5,Guanacaste,507,Abangares,San Juan,1637,856,781,887,549,338,2.98,107.47,15.2,0.29,3.3,109.6
5,Guanacaste,507,Abangares,Colorado,6552,3362,3190,2274,2082,192,3.15,197.84,33.1,3.17,3.9,105.4
5,Guanacaste,508,Tilarán,Tilarán,9419,4725,4694,3590,3333,257,2.83,144.75,65.1,0.75,2.01,100.7
5,Guanacaste,508,Tilarán,Quebrada Grande,1143,591,552,490,409,81,2.79,34.45,33.2,-7.81,-5.99,107.1
5,Guanacaste,508,Tilarán,Tronadora,2079,1077,1002,832,741,91,2.81,139.93,14.9,1.34,1.96,107.5
5,Guanacaste,508,Tilarán,Santa Rosa,2369,1258,1111,948,806,142,2.9,71.06,33.3,1.79,3.05,113.2
5,Guanacaste,508,Tilarán,Líbano,940,498,442,426,326,100,2.88,72.13,13.0,0.76,2.0,112.7
5,Guanacaste,508,Tilarán,Tierras Morenas,1295,684,611,697,465,232,2.78,83.32,15.5,-0.43,1.91,111.9
5,Guanacaste,508,Tilarán,Arenal,2346,1215,1131,1227,847,380,2.77,72.67,32.3,0.18,1.82,107.4
5,Guanacaste,508,Tilarán,Cabeceras,1641,871,770,657,585,72,2.79,50.93,32.2,0,0,113.1
5,Guanacaste,509,Nandayure,Carmona,2638,1355,1283,990,870,120,3.0,31.66,83.3,0.54,1.42,105.6
5,Guanacaste,509,Nandayure,Santa Rita,1787,918,869,752,643,109,2.78,51.38,34.8,1.92,3.64,105.6
5,Guanacaste,509,Nandayure,Zapotal,1332,703,629,535,479,56,2.78,105.08,12.7,0.84,1.1,111.8
5,Guanacaste,509,Nandayure,San Pablo,2355,1245,1110,1031,791,240,2.98,78.08,30.2,0.59,1.67,112.2
5,Guanacaste,509,Nandayure,Porvenir,769,427,342,363,274,89,2.81,40.15,19.2,0.34,1.49,124.9
5,Guanacaste,509,Nandayure,Bejuco,2993,1622,1371,1558,1014,544,2.95,261.79,11.4,-0.1,1.04,118.3
5,Guanacaste,510,La Cruz,La Cruz,12439,6409,6030,4509,3623,886,3.43,344.41,36.1,2.75,4.85,106.3
5,Guanacaste,510,La Cruz,Santa Cecilia,9269,4759,4510,3191,2675,516,3.46,258.01,35.9,3.57,5.32,105.5
5,Guanacaste,510,La Cruz,La Garita,2824,1462,1362,942,822,120,3.43,273.39,10.3,4.68,5.25,107.3
5,Guanacaste,510,La Cruz,Santa Elena,2297,1163,1134,801,666,135,3.45,509.59,4.5,1.08,2.14,102.6
5,Guanacaste,511,Hojancha,Hojancha,3900,1916,1984,1727,1310,417,2.98,70.4,55.4,-0.77,2.15,96.6
5,Guanacaste,511,Hojancha,Monte Romo,764,410,354,326,249,77,3.07,75.27,10.2,1.18,2.56,115.8
5,Guanacaste,511,Hojancha,Puerto Carrillo,1764,882,882,994,604,390,2.92,76.87,22.9,1.04,3.75,100
5,Guanacaste,511,Hojancha,Huacas,726,364,362,310,235,75,3.09,31.74,22.9,0.24,2.6,100.6
5,Guanacaste,511,Hojancha,Matambú,1070,550,520,398,334,64,3.2,8.71,122.8,0,0,105.8
6,Puntarenas,601,Puntarenas,Puntarenas,6653,3340,3313,3407.3907804418486,2503,905,2.64,34.03,195.5,-2.05,0.35,100.8
6,Puntarenas,601,Puntarenas,Pitahaya,2916,1488,1428,1004.5321637771265,897,108,3.25,109.55,26.6,2.52,2.98,104.2
6,Puntarenas,601,Puntarenas,Chomes,7604,3870,3734,3060.1684222638028,2512,548,3.03,118.95,63.9,2.91,3.0,103.6
6,Puntarenas,601,Puntarenas,Lepanto,12163,6226,5937,4730.617667267657,4030,701,3.02,424.31,28.7,2.24,3.28,104.9
6,Puntarenas,601,Puntarenas,Paquera,10317,5336,4981,4572.147875662036,3439,1133,3.0,335.63,30.7,3.94,4.57,107.1
6,Puntarenas,601,Puntarenas,Manzanillo,3700,1889,1811,1481.7962788200089,1220,261,3.03,59.86,61.8,2.5,3.84,104.3
6,Puntarenas,601,Puntarenas,Guacimal,1339,706,633,632.3019038895648,488,145,2.75,114.94,11.6,3.38,3.63,111.5
6,Puntarenas,601,Puntarenas,Barranca,34827,17398,17429,12478.022863221942,11075,1403,3.14,36.21,961.8,1.16,2.84,99.8
6,Puntarenas,601,Puntarenas,Monteverde,5386,2709,2677,2112.5357470247345,1898,214,2.84,53.47,100.7,2.36,2.97,101.2
6,Puntarenas,601,Puntarenas,Cóbano,10490,5361,5129,5452.525035765379,3497,1956,3,319.27,32.9,3.06,4.96,104.5
6,Puntarenas,601,Puntarenas,Chacarita,17661,8884,8777,6673.4282538087555,5916,757,2.99,4.92,3589.6,0.12,1.81,101.2
6,Puntarenas,601,Puntarenas,Chira,1819,943,876,695.9349203609856,591,105,3.08,42.02,43.3,1.3,3.01,107.6
6,Puntarenas,601,Puntarenas,Acapulco,2015,1047,968,812.85261336326,642,171,3.14,110.91,18.2,4.01,4.36,108.2
6,Puntarenas,601,Puntarenas,El Roble,23953,12274,11679,7775.294577417895,6828,947,3.41,7.93,3020.6,3.81,4.28,105.1
6,Puntarenas,601,Puntarenas,Arancibia,854,469,385,365.4508969150036,280,85,3.05,44.86,19.0,2.27,2.55,121.8
6,Puntarenas,602,Esparza,Espíritu Santo,15028,7667,7361,5472,4864,608,3.08,18.91,794.7,-0.39,0.62,104.2
6,Puntarenas,602,Esparza,San Juan Grande,5544,2855,2689,1968,1753,215,3.16,18.71,296.3,-0.97,-1.7,106.2
6,Puntarenas,602,Esparza,Macacona,8149,4165,3984,2912,2438,474,3.34,34.13,238.8,4.92,4.58,104.5
6,Puntarenas,602,Esparza,San Rafael,1264,643,621,849,454,395,2.78,34.32,36.8,-0.21,2.64,103.5
6,Puntarenas,602,Esparza,San Jerónimo,938,491,447,490,307,183,3.06,49.14,19.1,2.02,3.32,109.8
6,Puntarenas,602,Esparza,Caldera,3885,1997,1888,2026,1330,696,2.92,62.02,62.6,0,0,105.8
6,Puntarenas,603,Buenos Aires,Buenos Aires,22619,11532,11087,8645,7696,949,2.93,554.83,40.8,0.65,2.63,104.0
6,Puntarenas,603,Buenos Aires,Volcán,4224,2192,2032,1662,1447,215,2.92,187.41,22.5,0.93,2.4,107.9
6,Puntarenas,603,Buenos Aires,Potrero Grande,7450,3854,3596,2943,2612,331,2.85,626.69,11.9,2.03,3.37,107.2
6,Puntarenas,603,Buenos Aires,Boruca,3351,1711,1640,1321,1122,199,2.99,125.79,26.6,0.78,2.38,104.3
6,Puntarenas,603,Buenos Aires,Pilas,1522,793,729,677,517,160,2.94,114.34,13.3,-0.78,2.19,108.8
6,Puntarenas,603,Buenos Aires,Colinas,1323,714,609,566,463,103,2.86,128.8,10.3,-0.32,1.24,117.2
6,Puntarenas,603,Buenos Aires,Chánguena,2856,1518,1338,1072,993,79,2.88,273.04,10.5,0.75,2.18,113.5
6,Puntarenas,603,Buenos Aires,Biolley,2890,1520,1370,1191,957,234,3.02,208.27,13.9,1.48,2.21,110.9
6,Puntarenas,603,Buenos Aires,Brunka,4327,2263,2064,1670,1488,182,2.9,163.77,26.4,2.69,4.09,109.6
6,Puntarenas,604,Montes de Oro,Miramar,10172,5413,4759,3788,3421,367,2.95,110.96,91.7,1.85,2.74,113.7
6,Puntarenas,604,Montes de Oro,La Unión,1491,825,666,735,533,202,2.8,78.93,18.9,1.61,2.42,123.9
6,Puntarenas,604,Montes de Oro,San Isidro,4732,2540,2192,1684,1504,180,3.15,57.71,82.0,3.0,3.99,115.9
6,Puntarenas,605,Osa,Puerto Cortés,9496,4853,4643,4939,3618,1321,2.62,234.39,40.5,1.59,4.32,104.5
6,Puntarenas,605,Osa,Palmar,11219,5799,5420,5256,4147,1109,2.69,250.8,44.7,1.22,4.47,107.0
6,Puntarenas,605,Osa,Sierpe,3075,1630,1445,1413,1227,186,2.51,634.18,4.8,-2.85,-1.83,112.8
6,Puntarenas,605,Osa,Bahía Ballena,4384,2260,2124,3554,1906,1648,2.3,158.33,27.7,2.57,5.15,106.4
6,Puntarenas,605,Osa,Piedras Blancas,5724,3002,2722,2313,2072,241,2.76,262.59,21.8,2.95,4.6,110.3
6,Puntarenas,605,Osa,Bahía Drake,2190,1167,1023,1081,867,214,2.53,392.41,5.6,0,0,114.1
6,Puntarenas,606,Quepos,Quepos,21531,11485,10046,9061,7224,1837,2.98,236.05,91.2,0.74,2.41,114.3
6,Puntarenas,606,Quepos,Savegre,5381,2857,2524,2332,1878,454,2.87,216.47,24.9,4.37,5.05,113.2
6,Puntarenas,606,Quepos,Naranjito,5504,2954,2550,2152,1894,258,2.91,105.33,52.3,3.67,4.51,115.8
6,Puntarenas,607,Golfito,Golfito,11060,5751,5309,4350,3794,556,2.91,355.9,31.1,-0.18,1.2,108.3
6,Puntarenas,607,Golfito,Puerto Jiménez,10644,5596,5048,4464,3867,597,2.75,720.43,14.8,1.74,2.13,110.9
6,Puntarenas,607,Golfito,Guaycará,15176,7884,7292,5936,5222,714,2.91,323.1,47.0,1.46,2.94,108.1
6,Puntarenas,607,Golfito,Pavón,7206,3886,3320,3012,2556,456,2.82,353.32,20.4,1.43,3.17,117.0
6,Puntarenas,608,Coto Brus,San Vito,12734,6341,6393,4904,4420,484,2.87,74.59,170.7,-1.39,-0.5,99.2
6,Puntarenas,608,Coto Brus,Sabalito,13218,6738,6480,5584,4578,1006,2.88,186.86,70.7,1.68,3.25,104.0
6,Puntarenas,608,Coto Brus,Aguabuena,7996,4118,3878,3192,2841,351,2.81,63.89,125.2,2.19,3.71,106.2
6,Puntarenas,608,Coto Brus,Limoncito,4416,2288,2128,1710,1477,233,2.98,123.64,35.7,1.88,3.88,107.5
6,Puntarenas,608,Coto Brus,Pittier,3013,1616,1397,1306,1061,245,2.84,257.05,11.7,0.8,1.46,115.7
6,Puntarenas,608,Coto Brus,Gutiérrez Brown,4974,2542,2432,2192,1761,431,2.82,238.19,20.9,0,0,104.5
6,Puntarenas,609,Parrita,Parrita,20068,10093,9975,9895,6614,3281,3.02,483.22,41.5,1.99,4.12,101.2
6,Puntarenas,610,Corredores,Corredor,18997,10159,8838,7213,6281,932,3.02,275.67,68.9,0.88,2.68,114.9
6,Puntarenas,610,Corredores,La Cuesta,5122,2766,2356,1800,1644,156,3.12,37.08,138.1,2.46,3.13,117.4
6,Puntarenas,610,Corredores,Canoas,14432,7655,6777,5490,4635,855,3.11,122.02,118.3,2.04,4.1,113.0
6,Puntarenas,610,Corredores,Laurel,12472,6734,5738,4261,4028,233,3.1,188.85,66.0,2.82,3.57,117.4
6,Puntarenas,611,Garabito,Jacó,16830,9188,7642,10241,6234,4007,2.7,141.37,119.0,3.32,3.98,120.2
6,Puntarenas,611,Garabito,Tárcoles,9842,5423,4419,6414,3048,3366,3.2,174.64,56.4,5.22,5.64,122.7
7,Limón,701,Limón,Limón,71514,37140,34374,25419,21923,3496,3.26,59.18,1208.4,1.43,2.23,108.0
7,Limón,701,Limón,Valle La Estrella,19119,10129,8990,6771,5604,1167,3.4,1238.42,15.4,0.59,2.74,112.7
7,Limón,701,Limón,Río Blanco,13351,7327,6024,3993,3513,480,3.65,131.31,101.7,4.31,4.43,121.6
7,Limón,701,Limón,Matama,12473,6561,5912,4333,3637,696,3.43,340.47,36.6,5.09,5.44,111.0
7,Limón,702,Pococí,Guápiles,31998,16162,15836,12068,10530,1538,3.01,221.74,144.3,-1.19,0.03,102.1
7,Limón,702,Pococí,Jiménez,12733,6377,6356,5177,4147,1030,3.07,108.23,117.6,1.75,3.72,100.3
7,Limón,702,Pococí,Rita,27315,13969,13346,10493,9010,1483,3.03,503.74,54.2,1.16,2.33,104.7
7,Limón,702,Pococí,Roxana,20449,11403,9046,6295,5702,593,3.27,166.21,123.0,1.79,1.92,126.1
7,Limón,702,Pococí,Cariari,37832,19124,18708,13870,12259,1611,3.08,201.03,188.2,0.92,2.32,102.2
7,Limón,702,Pococí,Colorado,5141,2700,2441,1826,1720,106,2.99,948.43,5.4,2.32,2.11,110.6
7,Limón,702,Pococí,La Colonia,10852,5482,5370,3863,3515,348,3.07,38.79,279.8,0,0,102.1
7,Limón,703,Siquirres,Siquirres,29644,15090,14554,10767,9379,1388,3.16,184.21,160.9,-0.59,0.63,103.7
7,Limón,703,Siquirres,Pacuarito,10061,5209,4852,3759,3216,543,3.13,220.02,45.7,1.26,2.81,107.4
7,Limón,703,Siquirres,Florida,2382,1232,1150,1064,778,286,3.06,81.93,29.1,0.79,2.72,107.1
7,Limón,703,Siquirres,Germania,3400,1777,1623,1279,1116,163,3.05,33.96,100.1,2.9,3.03,109.5
7,Limón,703,Siquirres,El Cairo,6926,3558,3368,2772,2278,494,3.04,106.96,64.8,1.18,3.15,105.6
7,Limón,703,Siquirres,Alegría,7102,3603,3499,2700,2361,339,3.01,38.05,186.6,2.07,3.33,103.0
7,Limón,703,Siquirres,Reventazón,4250,2262,1988,2164,1493,671,2.85,190.01,22.4,0,0,113.8
7,Limón,704,Talamanca,Bratsi,11476,6073,5403,4259,3595,664,3.18,180.85,63.5,4.09,5.91,112.4
7,Limón,704,Talamanca,Sixaola,13961,7544,6417,4798,4133,665,3.36,169.01,82.6,4.13,5.81,117.6
7,Limón,704,Talamanca,Cahuita,13463,7198,6265,6892,4336,2556,3.1,234.07,57.5,4.4,5.8,114.9
7,Limón,704,Talamanca,Telire,10006,5354,4652,3606,2920,686,3.43,2208.3,4.5,4.29,7.72,115.1
7,Limón,705,Matina,Matina,11117,6005,5112,3776,3389,387,3.28,351.45,31.6,1.78,2.94,117.5
7,Limón,705,Matina,Batán,21220,11329,9891,6992,6398,594,3.32,213.41,99.4,2.27,2.61,114.5
7,Limón,705,Matina,Carrandi,12992,6849,6143,4321,3911,410,3.32,205.54,63.2,0.69,1.24,111.5
7,Limón,706,Guácimo,Guácimo,21885,11004,10881,8064,7050,1014,3.1,223.79,97.8,1.61,2.46,101.1
7,Limón,706,Guácimo,Mercedes,1826,933,893,719,581,138,3.14,90.06,20.3,0.61,2.0,104.5
7,Limón,706,Guácimo,Pocora,7785,3951,3834,3230,2394,836,3.25,72.88,106.8,1.74,3.6,103.1
7,Limón,706,Guácimo,Río Jiménez,10382,5320,5062,3724,3466,258,3.0,333.71,31.1,1.56,2.42,105.1
7,Limón,706,Guácimo,Duacarí,7728,3976,3752,2701,2497,204,3.09,81.12,95.3,2.21,3.0,106.0
